Alumina (%Mass percent),Silica (%Mass percent),Liquid Ratio
76.35309,0.0,0.01
76.5,0.10665,0.01
78.75,0.10665,0.01
81.0,0.19951,0.01
83.25,0.23501,0.01
85.5,0.23501,0.01
87.51499,2.25,0.01
85.5,4.26499,0.01
85.35288,4.5,0.01
83.25,6.60288,0.01
83.13847,6.75,0.01
81.0,8.88847,0.01
80.91116,9.0,0.01
0.0,31.65111,0.01
0.10189,31.5,0.01
0.15941,29.25,0.01
0.15943,27.0,0.01
0.15946,24.75,0.01
0.17889,22.5,0.01
0.17884,20.25,0.01
0.17878,18.0,0.01
0.17873,15.75,0.01
0.17867,13.5,0.01
0.17862,11.25,0.01
0.17856,9.0,0.01
0.17851,6.75,0.01
0.17845,4.5,0.01
0.1784,2.25,0.01
0.38726,0.0,0.01
76.20617,0.0,0.02
76.5,0.21329,0.02
78.75,0.21329,0.02
81.0,0.39901,0.02
83.25,0.47003,0.02
85.5,0.47003,0.02
87.27997,2.25,0.02
85.5,4.02997,0.02
85.20575,4.5,0.02
83.25,6.45575,0.02
83.02693,6.75,0.02
81.0,8.77693,0.02
80.82233,9.0,0.02
0.0,31.80222,0.02
0.20377,31.5,0.02
0.31882,29.25,0.02
0.31887,27.0,0.02
0.31892,24.75,0.02
0.35778,22.5,0.02
0.35768,20.25,0.02
0.35757,18.0,0.02
0.35746,15.75,0.02
0.35735,13.5,0.02
0.35724,11.25,0.02
0.35713,9.0,0.02
0.35702,6.75,0.02
0.35691,4.5,0.02
0.3568,2.25,0.02
0.77452,0.0,0.02
76.05926,0.0,0.03
76.5,0.31994,0.03
78.75,0.31994,0.03
81.0,0.59852,0.03
83.25,0.70504,0.03
85.5,0.70504,0.03
87.04496,2.25,0.03
85.5,3.79496,0.03
85.05863,4.5,0.03
83.25,6.30863,0.03
82.9154,6.75,0.03
81.0,8.6654,0.03
80.73349,9.0,0.03
0.0,31.95332,0.03
0.30566,31.5,0.03
0.47822,29.25,0.03
0.4783,27.0,0.03
0.47839,24.75,0.03
0.53668,22.5,0.03
0.53651,20.25,0.03
0.53635,18.0,0.03
0.53618,15.75,0.03
0.53602,13.5,0.03
0.53586,11.25,0.03
0.53569,9.0,0.03
0.53553,6.75,0.03
0.53536,4.5,0.03
0.5352,2.25,0.03
1.16178,0.0,0.03
75.91234,0.0,0.04
76.5,0.42659,0.04
78.75,0.42659,0.04
81.0,0.79802,0.04
83.25,0.94006,0.04
85.5,0.94006,0.04
86.80994,2.25,0.04
85.5,3.55994,0.04
84.91151,4.5,0.04
83.25,6.16151,0.04
82.80386,6.75,0.04
81.0,8.55386,0.04
80.64465,9.0,0.04
78.75,11.18458,0.04
78.6971,11.25,0.04
0.0,32.10443,0.04
0.40755,31.5,0.04
0.63763,29.25,0.04
0.63774,27.0,0.04
0.63785,24.75,0.04
0.71557,22.5,0.04
0.71535,20.25,0.04
0.71513,18.0,0.04
0.71491,15.75,0.04
0.71469,13.5,0.04
0.71447,11.25,0.04
0.71426,9.0,0.04
0.71404,6.75,0.04
0.71382,4.5,0.04
0.7136,2.25,0.04
1.54904,0.0,0.04
75.76543,0.0,0.05
76.5,0.53323,0.05
78.75,0.53323,0.05
81.0,0.99753,0.05
83.25,1.17507,0.05
85.5,1.17507,0.05
86.57493,2.25,0.05
85.5,3.32493,0.05
84.76438,4.5,0.05
83.25,6.01438,0.05
82.69233,6.75,0.05
81.0,8.44233,0.05
80.55581,9.0,0.05
78.75,11.08214,0.05
78.61428,11.25,0.05
0.0,32.25554,0.05
0.50944,31.5,0.05
0.79704,29.25,0.05
0.79717,27.0,0.05
0.79731,24.75,0.05
0.89446,22.5,0.05
0.89419,20.25,0.05
0.89391,18.0,0.05
0.89364,15.75,0.05
0.89337,13.5,0.05
0.89309,11.25,0.05
0.89282,9.0,0.05
0.89255,6.75,0.05
0.89227,4.5,0.05
0.892,2.25,0.05
1.9363,0.0,0.05
75.61851,0.0,0.06
76.5,0.63988,0.06
78.75,0.63988,0.06
81.0,1.19703,0.06
83.25,1.41009,0.06
85.5,1.41009,0.06
86.33991,2.25,0.06
85.5,3.08991,0.06
84.61726,4.5,0.06
83.25,5.86726,0.06
82.58079,6.75,0.06
81.0,8.33079,0.06
80.46698,9.0,0.06
78.75,10.97971,0.06
78.53146,11.25,0.06
0.0,32.40665,0.06
0.61132,31.5,0.06
0.95645,29.25,0.06
0.95661,27.0,0.06
0.95677,24.75,0.06
1.07335,22.5,0.06
1.07303,20.25,0.06
1.0727,18.0,0.06
1.07237,15.75,0.06
1.07204,13.5,0.06
1.07171,11.25,0.06
1.07138,9.0,0.06
1.07106,6.75,0.06
1.07073,4.5,0.06
1.0704,2.25,0.06
2.25,0.06284,0.06
2.32182,0.0,0.06
75.4716,0.0,0.07
76.5,0.74653,0.07
78.75,0.74653,0.07
81.0,1.39654,0.07
83.25,1.6451,0.07
85.5,1.6451,0.07
86.1049,2.25,0.07
85.5,2.8549,0.07
84.47013,4.5,0.07
83.25,5.72013,0.07
82.46926,6.75,0.07
81.0,8.21926,0.07
80.37814,9.0,0.07
78.75,10.87728,0.07
78.44864,11.25,0.07
0.0,32.55775,0.07
0.71321,31.5,0.07
1.11586,29.25,0.07
1.11604,27.0,0.07
1.11623,24.75,0.07
1.25225,22.5,0.07
1.25186,20.25,0.07
1.25148,18.0,0.07
1.2511,15.75,0.07
1.25071,13.5,0.07
1.25033,11.25,0.07
1.24995,9.0,0.07
1.24957,6.75,0.07
1.24918,4.5,0.07
1.2488,2.25,0.07
2.25,0.39362,0.07
2.69987,0.0,0.07
75.32468,0.0,0.08
76.5,0.85317,0.08
78.75,0.85317,0.08
81.0,1.59604,0.08
83.25,1.88012,0.08
85.5,1.88012,0.08
85.86988,2.25,0.08
85.5,2.61988,0.08
84.32301,4.5,0.08
83.25,5.57301,0.08
82.35773,6.75,0.08
81.0,8.10773,0.08
80.2893,9.0,0.08
78.75,10.77485,0.08
78.36582,11.25,0.08
0.0,32.70886,0.08
0.8151,31.5,0.08
1.27526,29.25,0.08
1.27548,27.0,0.08
1.27569,24.75,0.08
1.43114,22.5,0.08
1.4307,20.25,0.08
1.43026,18.0,0.08
1.42982,15.75,0.08
1.42939,13.5,0.08
1.42895,11.25,0.08
1.42851,9.0,0.08
1.42808,6.75,0.08
1.42764,4.5,0.08
1.4272,2.25,0.08
2.25,0.7244,0.08
3.07793,0.0,0.08
75.17777,0.0,0.09
76.5,0.95982,0.09
78.75,0.95982,0.09
81.0,1.79555,0.09
83.25,2.11513,0.09
85.5,2.11513,0.09
85.63487,2.25,0.09
85.5,2.38487,0.09
84.17589,4.5,0.09
83.25,5.42589,0.09
82.24619,6.75,0.09
81.0,7.99619,0.09
80.20046,9.0,0.09
78.75,10.67242,0.09
78.28299,11.25,0.09
76.5,13.49738,0.09
76.49789,13.5,0.09
0.0,32.85997,0.09
0.91698,31.5,0.09
1.43467,29.25,0.09
1.43491,27.0,0.09
1.43516,24.75,0.09
1.61003,22.5,0.09
1.60954,20.25,0.09
1.60905,18.0,0.09
1.60855,15.75,0.09
1.60806,13.5,0.09
1.60757,11.25,0.09
1.60708,9.0,0.09
1.60658,6.75,0.09
1.60609,4.5,0.09
1.6056,2.25,0.09
2.25,1.05518,0.09
3.45599,0.0,0.09
75.03085,0.0,0.1
76.5,1.06647,0.1
78.75,1.06647,0.1
81.0,1.99505,0.1
82.68734,2.25,0.1
83.25,2.41764,0.1
84.02876,4.5,0.1
83.25,5.27876,0.1
82.13466,6.75,0.1
81.0,7.88466,0.1
80.11163,9.0,0.1
78.75,10.56999,0.1
78.20017,11.25,0.1
76.5,13.39298,0.1
76.41384,13.5,0.1
0.0,33.01108,0.1
1.01887,31.5,0.1
1.59408,29.25,0.1
1.59435,27.0,0.1
1.59462,24.75,0.1
1.78892,22.5,0.1
1.78838,20.25,0.1
1.78783,18.0,0.1
1.78728,15.75,0.1
1.78673,13.5,0.1
1.78619,11.25,0.1
1.78564,9.0,0.1
1.78509,6.75,0.1
1.78455,4.5,0.1
1.784,2.25,0.1
2.25,1.38597,0.1
3.83404,0.0,0.1
74.73702,0.0,0.12
76.5,1.27976,0.12
78.75,1.27976,0.12
80.83454,2.25,0.12
81.0,2.45645,0.12
83.25,3.20444,0.12
83.73452,4.5,0.12
83.25,4.98452,0.12
81.91159,6.75,0.12
81.0,7.66159,0.12
79.93395,9.0,0.12
78.75,10.36512,0.12
78.03453,11.25,0.12
76.5,13.1842,0.12
76.24574,13.5,0.12
0.0,33.31329,0.12
1.22265,31.5,0.12
1.9129,29.25,0.12
1.91322,27.0,0.12
1.91354,24.75,0.12
2.14671,22.5,0.12
2.14605,20.25,0.12
2.14539,18.0,0.12
2.14474,15.75,0.12
2.14408,13.5,0.12
2.14342,11.25,0.12
2.14277,9.0,0.12
2.14211,6.75,0.12
2.14146,4.5,0.12
2.1408,2.25,0.12
2.25,2.04753,0.12
4.5,0.07068,0.12
4.59016,0.0,0.12
74.44319,0.0,0.14
76.5,1.49305,0.14
78.75,1.49305,0.14
80.37628,2.25,0.14
81.0,3.02825,0.14
83.25,3.99123,0.14
83.44027,4.5,0.14
83.25,4.69027,0.14
81.68852,6.75,0.14
81.0,7.43852,0.14
79.75628,9.0,0.14
78.75,10.16026,0.14
77.86889,11.25,0.14
76.5,12.97542,0.14
76.07764,13.5,0.14
0.0,33.61551,0.14
1.42642,31.5,0.14
2.23171,29.25,0.14
2.23209,27.0,0.14
2.23246,24.75,0.14
2.25,24.58855,0.14
2.45072,22.5,0.14
2.49855,20.25,0.14
2.49788,18.0,0.14
2.4972,15.75,0.14
2.49653,13.5,0.14
2.49585,11.25,0.14
2.49518,9.0,0.14
2.4945,6.75,0.14
2.49383,4.5,0.14
2.71324,2.25,0.14
4.5,0.66342,0.14
5.34627,0.0,0.14
74.16731,0.0,0.16
74.25,0.26652,0.16
76.5,1.70635,0.16
78.75,1.70635,0.16
79.91803,2.25,0.16
81.0,3.60006,0.16
82.83745,4.5,0.16
81.46545,6.75,0.16
81.0,7.21545,0.16
79.5786,9.0,0.16
78.75,9.9554,0.16
77.70325,11.25,0.16
76.5,12.76663,0.16
75.90954,13.5,0.16
74.25,15.59988,0.16
74.12961,15.75,0.16
0.0,33.83602,0.16
0.08244,33.75,0.16
1.6302,31.5,0.16
2.25,29.78233,0.16
2.50192,29.25,0.16
2.5446,27.0,0.16
2.54497,24.75,0.16
2.7329,22.5,0.16
2.84894,20.25,0.16
2.84826,18.0,0.16
2.84759,15.75,0.16
2.84691,13.5,0.16
2.84623,11.25,0.16
2.84556,9.0,0.16
2.84488,6.75,0.16
2.84421,4.5,0.16
3.38077,2.25,0.16
4.5,1.25616,0.16
6.10239,0.0,0.16
73.92587,0.0,0.18
74.25,1.04471,0.18
76.5,1.91964,0.18
78.75,1.91964,0.18
79.45977,2.25,0.18
81.0,4.17186,0.18
81.66998,4.5,0.18
81.24238,6.75,0.18
81.0,6.99238,0.18
79.40093,9.0,0.18
78.75,9.75054,0.18
77.5376,11.25,0.18
76.5,12.55785,0.18
75.74144,13.5,0.18
74.25,15.38717,0.18
73.95903,15.75,0.18
0.0,33.99103,0.18
0.23099,33.75,0.18
1.83397,31.5,0.18
2.25,30.34705,0.18
2.76917,29.25,0.18
2.85673,27.0,0.18
2.8571,24.75,0.18
3.01508,22.5,0.18
3.19932,20.25,0.18
3.19864,18.0,0.18
3.19797,15.75,0.18
3.19729,13.5,0.18
3.19662,11.25,0.18
3.19594,9.0,0.18
3.19527,6.75,0.18
3.19459,4.5,0.18
4.0483,2.25,0.18
4.5,1.8489,0.18
6.75,0.08354,0.18
6.8585,0.0,0.18
73.68443,0.0,0.2
74.25,1.8229,0.2
76.5,2.13294,0.2
78.75,2.13294,0.2
79.00151,2.25,0.2
78.75,3.68493,0.2
78.51675,4.5,0.2
78.75,4.6923,0.2
81.0,6.37001,0.2
81.01932,6.75,0.2
81.0,6.76932,0.2
79.22325,9.0,0.2
78.75,9.54567,0.2
77.37196,11.25,0.2
76.5,12.34906,0.2
75.57333,13.5,0.2
74.25,15.17447,0.2
73.78846,15.75,0.2
0.0,34.14603,0.2
0.37954,33.75,0.2
2.03774,31.5,0.2
2.25,30.91177,0.2
3.03641,29.25,0.2
3.16886,27.0,0.2
3.16923,24.75,0.2
3.29726,22.5,0.2
3.5497,20.25,0.2
3.54903,18.0,0.2
3.54835,15.75,0.2
3.54768,13.5,0.2
3.547,11.25,0.2
3.54633,9.0,0.2
3.54565,6.75,0.2
3.54497,4.5,0.2
4.5,2.48859,0.2
4.73892,2.25,0.2
6.75,0.66568,0.2
7.61462,0.0,0.2
73.443,0.0,0.22
73.86339,2.25,0.22
74.25,2.38198,0.22
76.5,2.72286,0.22
77.76858,4.5,0.22
78.75,5.30912,0.22
80.36752,6.75,0.22
79.04558,9.0,0.22
78.75,9.34081,0.22
77.20632,11.25,0.22
76.5,12.14028,0.22
75.40523,13.5,0.22
74.25,14.96176,0.22
73.61788,15.75,0.22
72.0,17.8052,0.22
71.8444,18.0,0.22
0.0,34.30104,0.22
0.52809,33.75,0.22
2.24152,31.5,0.22
2.25,31.47649,0.22
3.30366,29.25,0.22
3.48099,27.0,0.22
3.48136,24.75,0.22
3.57944,22.5,0.22
3.90008,20.25,0.22
3.89941,18.0,0.22
3.89873,15.75,0.22
3.89806,13.5,0.22
3.89738,11.25,0.22
3.89671,9.0,0.22
3.89603,6.75,0.22
3.89536,4.5,0.22
4.5,3.22655,0.22
5.47787,2.25,0.22
6.75,1.24782,0.22
8.37074,0.0,0.22
73.20156,0.0,0.24
73.00647,2.25,0.24
74.25,2.67451,0.24
76.5,3.77096,0.24
77.02041,4.5,0.24
78.75,5.92595,0.24
79.67507,6.75,0.24
78.8679,9.0,0.24
78.75,9.13595,0.24
77.04068,11.25,0.24
76.5,11.9315,0.24
75.23713,13.5,0.24
74.25,14.74906,0.24
73.4473,15.75,0.24
72.0,17.58852,0.24
71.67131,18.0,0.24
0.0,34.45604,0.24
0.67664,33.75,0.24
2.25,31.6867,0.24
2.40902,31.5,0.24
3.57091,29.25,0.24
3.79312,27.0,0.24
3.79349,24.75,0.24
3.86162,22.5,0.24
4.25047,20.25,0.24
4.24979,18.0,0.24
4.24912,15.75,0.24
4.24844,13.5,0.24
4.24777,11.25,0.24
4.24709,9.0,0.24
4.24642,6.75,0.24
4.24574,4.5,0.24
4.5,3.9645,0.24
6.21683,2.25,0.24
6.75,1.82997,0.24
9.0,0.09658,0.24
9.12686,0.0,0.24
72.96012,0.0,0.26
72.14954,2.25,0.26
74.25,2.96704,0.26
76.37647,4.5,0.26
76.5,4.91132,0.26
78.75,6.54277,0.26
78.98263,6.75,0.26
78.75,7.87426,0.26
78.46217,9.0,0.26
76.87503,11.25,0.26
76.5,11.72271,0.26
75.06903,13.5,0.26
74.25,14.53636,0.26
73.27672,15.75,0.26
72.0,17.37183,0.26
71.49823,18.0,0.26
69.75,20.22964,0.26
69.7338,20.25,0.26
0.0,34.61105,0.26
0.82519,33.75,0.26
2.25,31.88151,0.26
2.57495,31.5,0.26
3.83816,29.25,0.26
4.10525,27.0,0.26
4.10562,24.75,0.26
4.1438,22.5,0.26
4.5,20.66778,0.26
4.60085,20.25,0.26
4.60018,18.0,0.26
4.5995,15.75,0.26
4.59882,13.5,0.26
4.59815,11.25,0.26
4.59747,9.0,0.26
4.5968,6.75,0.26
4.67125,4.5,0.26
6.75,2.42363,0.26
6.95752,2.25,0.26
9.0,0.67224,0.26
9.88298,0.0,0.26
72.71868,0.0,0.28
72.0,1.7615,0.28
71.77044,2.25,0.28
72.0,2.48442,0.28
74.25,3.25958,0.28
75.97068,4.5,0.28
76.5,6.26248,0.28
77.29214,6.75,0.28
77.60657,9.0,0.28
76.70939,11.25,0.28
76.5,11.51393,0.28
74.90093,13.5,0.28
74.25,14.32365,0.28
73.10615,15.75,0.28
72.0,17.15515,0.28
71.32514,18.0,0.28
69.75,20.0089,0.28
69.55817,20.25,0.28
0.0,34.76605,0.28
0.97374,33.75,0.28
2.25,32.07631,0.28
2.74088,31.5,0.28
4.1054,29.25,0.28
4.41738,27.0,0.28
4.41775,24.75,0.28
4.42598,22.5,0.28
4.5,22.11925,0.28
4.95123,20.25,0.28
4.95056,18.0,0.28
4.94988,15.75,0.28
4.94921,13.5,0.28
4.94853,11.25,0.28
4.94786,9.0,0.28
4.94718,6.75,0.28
5.29548,4.5,0.28
6.75,3.04714,0.28
7.70273,2.25,0.28
9.0,1.24789,0.28
10.63909,0.0,0.28
72.47725,0.0,0.3
72.0,1.16973,0.3
71.49234,2.25,0.3
72.0,2.7684,0.3
74.25,3.55211,0.3
75.56489,4.5,0.3
75.38985,6.75,0.3
76.5,8.29226,0.3
76.75097,9.0,0.3
76.54375,11.25,0.3
76.5,11.30514,0.3
74.73283,13.5,0.3
74.25,14.11095,0.3
72.93557,15.75,0.3
72.0,16.93846,0.3
71.15206,18.0,0.3
69.75,19.78815,0.3
69.38254,20.25,0.3
0.0,34.92106,0.3
1.12228,33.75,0.3
2.25,32.27112,0.3
2.9068,31.5,0.3
4.37265,29.25,0.3
4.5,28.36524,0.3
4.7391,27.0,0.3
4.72988,24.75,0.3
4.73025,22.5,0.3
5.30162,20.25,0.3
5.30094,18.0,0.3
5.30027,15.75,0.3
5.29959,13.5,0.3
5.29892,11.25,0.3
5.29824,9.0,0.3
5.29756,6.75,0.3
5.9197,4.5,0.3
6.75,3.67066,0.3
8.44793,2.25,0.3
9.0,1.82354,0.3
11.25,0.10971,0.3
11.39521,0.0,0.3
0.0,89.60199,0.3
0.0,89.60199,0.3
72.23581,0.0,0.32
72.0,0.57797,0.32
71.21425,2.25,0.32
72.0,3.05237,0.32
74.25,3.84464,0.32
75.15909,4.5,0.32
74.25,6.45072,0.32
74.06858,6.75,0.32
74.25,6.9715,0.32
76.08748,9.0,0.32
75.80865,11.25,0.32
74.56473,13.5,0.32
74.25,13.89824,0.32
72.76499,15.75,0.32
72.0,16.72178,0.32
70.97897,18.0,0.32
69.75,19.5674,0.32
69.20691,20.25,0.32
67.5,22.43581,0.32
67.44913,22.5,0.32
0.0,35.07606,0.32
1.27083,33.75,0.32
2.25,32.46593,0.32
3.07273,31.5,0.32
4.5,29.37907,0.32
4.59606,29.25,0.32
5.06427,27.0,0.32
5.04201,24.75,0.32
5.04238,22.5,0.32
5.652,20.25,0.32
5.65132,18.0,0.32
5.65065,15.75,0.32
5.64997,13.5,0.32
5.6493,11.25,0.32
5.64862,9.0,0.32
5.64795,6.75,0.32
6.54393,4.5,0.32
6.75,4.29417,0.32
9.0,2.40879,0.32
9.19401,2.25,0.32
11.25,0.68097,0.32
12.15132,0.0,0.32
0.0,88.96856,0.32
0.0,88.96856,0.32
71.99437,0.0,0.34
70.93615,2.25,0.34
72.0,3.33635,0.34
74.25,4.13717,0.34
74.7533,4.5,0.34
74.25,5.57998,0.34
73.54074,6.75,0.34
74.25,7.61593,0.34
75.50374,9.0,0.34
74.86917,11.25,0.34
74.39663,13.5,0.34
74.25,13.68554,0.34
72.59442,15.75,0.34
72.0,16.50509,0.34
70.80589,18.0,0.34
69.75,19.34665,0.34
69.03128,20.25,0.34
67.5,22.2109,0.34
67.27091,22.5,0.34
0.0,35.23107,0.34
1.41938,33.75,0.34
2.25,32.66073,0.34
3.23866,31.5,0.34
4.5,29.62564,0.34
4.77955,29.25,0.34
5.38944,27.0,0.34
5.35414,24.75,0.34
5.35451,22.5,0.34
6.00238,20.25,0.34
6.00171,18.0,0.34
6.00103,15.75,0.34
6.00036,13.5,0.34
5.99968,11.25,0.34
5.99901,9.0,0.34
5.99833,6.75,0.34
6.75,5.0354,0.34
7.23888,4.5,0.34
9.0,3.02149,0.34
9.94256,2.25,0.34
11.25,1.25223,0.34
12.90742,0.0,0.34
0.0,88.33512,0.34
0.0,88.33512,0.34
71.75293,0.0,0.36
70.65806,2.25,0.36
72.0,3.62033,0.36
74.25,4.42971,0.36
74.34751,4.5,0.36
74.25,4.70924,0.36
73.01291,6.75,0.36
74.25,8.26036,0.36
74.91999,9.0,0.36
74.25,10.73469,0.36
74.01213,11.25,0.36
74.12512,13.5,0.36
72.42384,15.75,0.36
72.0,16.28841,0.36
70.6328,18.0,0.36
69.75,19.1259,0.36
68.85565,20.25,0.36
67.5,21.98599,0.36
67.09269,22.5,0.36
0.0,35.38607,0.36
1.56793,33.75,0.36
2.25,32.85554,0.36
3.40459,31.5,0.36
4.5,29.87221,0.36
4.96305,29.25,0.36
5.7146,27.0,0.36
5.66627,24.75,0.36
5.66664,22.5,0.36
6.35277,20.25,0.36
6.35209,18.0,0.36
6.35141,15.75,0.36
6.35074,13.5,0.36
6.35006,11.25,0.36
6.34939,9.0,0.36
6.34871,6.75,0.36
6.75,5.83464,0.36
7.96868,4.5,0.36
9.0,3.63418,0.36
10.69112,2.25,0.36
11.25,1.82349,0.36
13.5,0.12286,0.36
13.66353,0.0,0.36
0.0219,87.75,0.36
0.0,87.70193,0.36
0.0219,87.75,0.36
71.51149,0.0,0.38
70.37997,2.25,0.38
72.0,3.90431,0.38
73.65179,4.5,0.38
72.48507,6.75,0.38
74.25,8.90479,0.38
74.33625,9.0,0.38
74.25,9.22331,0.38
73.31444,11.25,0.38
73.14724,13.5,0.38
72.25326,15.75,0.38
72.0,16.07172,0.38
70.45972,18.0,0.38
69.75,18.90516,0.38
68.68002,20.25,0.38
67.5,21.76109,0.38
66.91447,22.5,0.38
65.25,24.64031,0.38
65.16343,24.75,0.38
0.0,35.54108,0.38
1.71648,33.75,0.38
2.25,33.05035,0.38
3.57052,31.5,0.38
4.5,30.11878,0.38
5.14655,29.25,0.38
6.03977,27.0,0.38
5.9784,24.75,0.38
5.97878,22.5,0.38
6.70315,20.25,0.38
6.70247,18.0,0.38
6.7018,15.75,0.38
6.70112,13.5,0.38
6.70045,11.25,0.38
6.69977,9.0,0.38
6.6991,6.75,0.38
6.75,6.63389,0.38
8.69849,4.5,0.38
9.0,4.24687,0.38
11.25,2.40319,0.38
11.44018,2.25,0.38
13.5,0.69095,0.38
14.41965,0.0,0.38
0.3091,87.75,0.38
0.0,87.07168,0.38
0.3091,87.75,0.38
71.27006,0.0,0.4
70.10187,2.25,0.4
72.0,4.18828,0.4
72.86435,4.5,0.4
72.0,6.59535,0.4
71.96745,6.75,0.4
71.68439,9.0,0.4
72.0,9.68545,0.4
72.61676,11.25,0.4
72.16937,13.5,0.4
72.08269,15.75,0.4
72.0,15.85504,0.4
70.28663,18.0,0.4
69.75,18.68441,0.4
68.50439,20.25,0.4
67.5,21.53618,0.4
66.73625,22.5,0.4
65.25,24.41114,0.4
64.98258,24.75,0.4
0.0,35.69608,0.4
1.86503,33.75,0.4
2.25,33.24515,0.4
3.73644,31.5,0.4
4.5,30.36535,0.4
5.33005,29.25,0.4
6.36494,27.0,0.4
6.29053,24.75,0.4
6.29091,22.5,0.4
6.75,21.08399,0.4
6.97555,20.25,0.4
7.05286,18.0,0.4
7.05218,15.75,0.4
7.05151,13.5,0.4
7.05083,11.25,0.4
7.05015,9.0,0.4
7.25295,6.75,0.4
9.0,4.87134,0.4
9.4322,4.5,0.4
11.25,3.00776,0.4
12.19074,2.25,0.4
13.5,1.25904,0.4
15.17576,0.0,0.4
0.59629,87.75,0.4
0.0,86.44143,0.4
0.59629,87.75,0.4
71.02862,0.0,0.42
69.82378,2.25,0.42
72.0,4.47226,0.42
72.07692,4.5,0.42
72.0,4.68647,0.42
71.56566,6.75,0.42
70.86947,9.0,0.42
71.91762,11.25,0.42
71.32764,13.5,0.42
71.48584,15.75,0.42
70.11355,18.0,0.42
69.75,18.46366,0.42
68.32876,20.25,0.42
67.5,21.31128,0.42
66.55803,22.5,0.42
65.25,24.18197,0.42
64.80172,24.75,0.42
0.0,35.85109,0.42
2.01358,33.75,0.42
2.25,33.43996,0.42
3.90237,31.5,0.42
4.5,30.61192,0.42
5.51354,29.25,0.42
6.69011,27.0,0.42
6.60267,24.75,0.42
6.60304,22.5,0.42
6.75,22.04671,0.42
7.23591,20.25,0.42
7.40324,18.0,0.42
7.40256,15.75,0.42
7.40189,13.5,0.42
7.40121,11.25,0.42
7.40054,9.0,0.42
7.84138,6.75,0.42
9.0,5.5041,0.42
10.16866,4.5,0.42
11.25,3.61232,0.42
12.94129,2.25,0.42
13.5,1.82712,0.42
15.75,0.13607,0.42
15.93188,0.0,0.42
0.88348,87.75,0.42
0.0,85.81119,0.42
0.88348,87.75,0.42
70.78718,0.0,0.44
69.75,1.92139,0.44
69.5687,2.25,0.44
69.68779,4.5,0.44
69.75,4.58559,0.44
71.16386,6.75,0.44
70.05456,9.0,0.44
71.2074,11.25,0.44
70.51443,13.5,0.44
70.48798,15.75,0.44
69.94046,18.0,0.44
69.75,18.24291,0.44
68.15313,20.25,0.44
67.5,21.08637,0.44
66.37981,22.5,0.44
65.25,23.9528,0.44
64.62086,24.75,0.44
63.0,26.84309,0.44
62.87668,27.0,0.44
0.0,36.00575,0.44
0.0061,36.0,0.44
2.16213,33.75,0.44
2.25,33.63477,0.44
4.0683,31.5,0.44
4.5,30.85849,0.44
5.69704,29.25,0.44
6.75,27.28007,0.44
6.92196,27.0,0.44
6.93565,24.75,0.44
6.91517,22.5,0.44
7.49627,20.25,0.44
7.75362,18.0,0.44
7.75295,15.75,0.44
7.75227,13.5,0.44
7.7516,11.25,0.44
7.75092,9.0,0.44
8.42982,6.75,0.44
9.0,6.13687,0.44
10.90513,4.5,0.44
11.25,4.21689,0.44
13.5,2.40292,0.44
13.69218,2.25,0.44
15.75,0.70174,0.44
16.68799,0.0,0.44
0.13631,85.5,0.44
0.0,85.18223,0.44
0.13631,85.5,0.44
1.17067,87.75,0.44
0.13631,85.5,0.44
0.0,85.18223,0.44
1.17067,87.75,0.44
70.54574,0.0,0.46
69.75,1.47413,0.46
69.32194,2.25,0.46
69.24069,4.5,0.46
69.75,5.20067,0.46
70.76207,6.75,0.46
69.75,8.55197,0.46
69.45649,9.0,0.46
69.75,9.83961,0.46
70.49717,11.25,0.46
69.75,13.37863,0.46
69.70712,13.5,0.46
69.51826,15.75,0.46
69.75,17.37392,0.46
69.76738,18.0,0.46
69.75,18.02216,0.46
67.9775,20.25,0.46
67.5,20.86146,0.46
66.20159,22.5,0.46
65.25,23.72363,0.46
64.44,24.75,0.46
63.0,26.60954,0.46
62.69313,27.0,0.46
0.0,36.15197,0.46
0.16132,36.0,0.46
2.25,33.81629,0.46
2.31854,33.75,0.46
4.23423,31.5,0.46
4.5,31.10506,0.46
5.88054,29.25,0.46
6.75,27.62336,0.46
7.13275,27.0,0.46
7.28728,24.75,0.46
7.2273,22.5,0.46
7.75663,20.25,0.46
8.104,18.0,0.46
8.10333,15.75,0.46
8.10265,13.5,0.46
8.10198,11.25,0.46
8.1013,9.0,0.46
9.0,6.77689,0.46
9.02249,6.75,0.46
11.25,4.83198,0.46
11.64394,4.5,0.46
13.5,3.00119,0.46
14.44403,2.25,0.46
15.75,1.26742,0.46
17.4441,0.0,0.46
0.40557,85.5,0.46
0.0,84.55454,0.46
0.40557,85.5,0.46
1.45787,87.75,0.46
0.40557,85.5,0.46
0.0,84.55454,0.46
1.45787,87.75,0.46
70.30431,0.0,0.48
69.75,1.02686,0.48
69.07518,2.25,0.48
68.7936,4.5,0.48
69.75,5.81576,0.48
70.36027,6.75,0.48
69.75,7.83659,0.48
68.98783,9.0,0.48
69.75,11.18027,0.48
69.78694,11.25,0.48
69.75,11.35524,0.48
68.99222,13.5,0.48
68.62845,15.75,0.48
68.84104,18.0,0.48
67.80187,20.25,0.48
67.5,20.63656,0.48
66.02337,22.5,0.48
65.25,23.49446,0.48
64.25914,24.75,0.48
63.0,26.37599,0.48
62.50958,27.0,0.48
0.0,36.29819,0.48
0.31653,36.0,0.48
2.25,33.97856,0.48
2.48635,33.75,0.48
4.40016,31.5,0.48
4.5,31.35163,0.48
6.06404,29.25,0.48
6.75,27.96666,0.48
7.34354,27.0,0.48
7.63891,24.75,0.48
7.53943,22.5,0.48
8.01699,20.25,0.48
8.45439,18.0,0.48
8.45371,15.75,0.48
8.45304,13.5,0.48
8.45236,11.25,0.48
8.45169,9.0,0.48
9.0,7.64363,0.48
9.74757,6.75,0.48
11.25,5.45632,0.48
12.3848,4.5,0.48
13.5,3.59945,0.48
15.19589,2.25,0.48
15.75,1.8331,0.48
18.0,0.14929,0.48
18.20022,0.0,0.48
0.67482,85.5,0.48
0.0,83.92685,0.48
0.67482,85.5,0.48
1.74506,87.75,0.48
0.67482,85.5,0.48
0.0,83.92685,0.48
1.74506,87.75,0.48
70.06287,0.0,0.5
69.75,0.57959,0.5
68.82841,2.25,0.5
68.3465,4.5,0.5
69.75,6.43085,0.5
69.95848,6.75,0.5
69.75,7.1212,0.5
68.51917,9.0,0.5
68.44729,11.25,0.5
68.27733,13.5,0.5
67.73864,15.75,0.5
67.83062,18.0,0.5
67.62623,20.25,0.5
67.5,20.41165,0.5
65.84515,22.5,0.5
65.25,23.26529,0.5
64.07828,24.75,0.5
63.0,26.14243,0.5
62.32603,27.0,0.5
60.75,29.04406,0.5
60.58884,29.25,0.5
0.0,36.44442,0.5
0.47175,36.0,0.5
2.25,34.14084,0.5
2.65415,33.75,0.5
4.5,31.57862,0.5
4.56963,31.5,0.5
6.24753,29.25,0.5
6.75,28.30996,0.5
7.55432,27.0,0.5
7.99054,24.75,0.5
7.85156,22.5,0.5
8.27735,20.25,0.5
8.80477,18.0,0.5
8.8041,15.75,0.5
8.80342,13.5,0.5
8.80274,11.25,0.5
8.80207,9.0,0.5
9.0,8.51038,0.5
10.47265,6.75,0.5
11.25,6.08066,0.5
13.12567,4.5,0.5
13.5,4.19772,0.5
15.75,2.40602,0.5
15.94797,2.25,0.5
18.0,0.71308,0.5
18.95635,0.0,0.5
0.94408,85.5,0.5
0.0,83.29915,0.5
0.94408,85.5,0.5
2.03225,87.75,0.5
0.94408,85.5,0.5
0.0,83.29915,0.5
2.03225,87.75,0.5
69.82143,0.0,0.52
69.75,0.13233,0.52
68.58165,2.25,0.52
67.8994,4.5,0.52
69.56593,6.75,0.52
68.05051,9.0,0.52
67.5,10.77942,0.52
67.31056,11.25,0.52
67.5,13.00625,0.52
67.56244,13.5,0.52
67.5,13.73989,0.52
66.90634,15.75,0.52
66.87038,18.0,0.52
67.21317,20.25,0.52
65.66693,22.5,0.52
65.25,23.03612,0.52
63.89742,24.75,0.52
63.0,25.90888,0.52
62.14248,27.0,0.52
60.75,28.806,0.52
60.40254,29.25,0.52
0.0,36.59064,0.52
0.62696,36.0,0.52
2.25,34.30312,0.52
2.82196,33.75,0.52
4.5,31.77602,0.52
4.74447,31.5,0.52
6.43103,29.25,0.52
6.75,28.65325,0.52
7.76511,27.0,0.52
8.34217,24.75,0.52
8.16369,22.5,0.52
8.53772,20.25,0.52
9.0,18.44913,0.52
9.15515,18.0,0.52
9.15448,15.75,0.52
9.1538,13.5,0.52
9.15313,11.25,0.52
9.24243,9.0,0.52
11.19774,6.75,0.52
11.25,6.705,0.52
13.5,4.80544,0.52
13.86805,4.5,0.52
15.75,2.99926,0.52
16.70072,2.25,0.52
18.0,1.27686,0.52
19.71248,0.0,0.52
0.23688,83.25,0.52
0.0,82.67299,0.52
0.23688,83.25,0.52
1.21333,85.5,0.52
0.23688,83.25,0.52
0.0,82.67299,0.52
1.21333,85.5,0.52
2.25,87.61704,0.52
1.21333,85.5,0.52
0.23688,83.25,0.52
0.0,82.67299,0.52
69.57999,0.0,0.54
68.33489,2.25,0.54
67.5,4.43123,0.54
67.46806,4.5,0.54
67.5,4.55326,0.54
69.18336,6.75,0.54
67.58186,9.0,0.54
67.5,9.26458,0.54
66.70074,11.25,0.54
66.6443,13.5,0.54
66.09511,15.75,0.54
65.93455,18.0,0.54
66.19331,20.25,0.54
65.48871,22.5,0.54
65.25,22.80695,0.54
63.71656,24.75,0.54
63.0,25.67533,0.54
61.95893,27.0,0.54
60.75,28.56794,0.54
60.21623,29.25,0.54
58.5,31.48586,0.54
58.48895,31.5,0.54
0.0,36.73686,0.54
0.78218,36.0,0.54
2.25,34.4654,0.54
2.98976,33.75,0.54
4.5,31.97341,0.54
4.91931,31.5,0.54
6.61453,29.25,0.54
6.75,28.99655,0.54
7.9759,27.0,0.54
8.6938,24.75,0.54
8.47582,22.5,0.54
8.79808,20.25,0.54
9.0,19.46339,0.54
9.50554,18.0,0.54
9.50486,15.75,0.54
9.50419,13.5,0.54
9.50351,11.25,0.54
9.79961,9.0,0.54
11.25,7.34128,0.54
11.92838,6.75,0.54
13.5,5.42282,0.54
14.61198,4.5,0.54
15.75,3.5925,0.54
17.45346,2.25,0.54
18.0,1.84065,0.54
20.25,0.16255,0.54
20.4686,0.0,0.54
0.49388,83.25,0.54
0.0,82.04696,0.54
0.49388,83.25,0.54
1.48259,85.5,0.54
0.49388,83.25,0.54
0.0,82.04696,0.54
1.48259,85.5,0.54
2.25,87.06718,0.54
1.48259,85.5,0.54
0.49388,83.25,0.54
0.0,82.04696,0.54
69.33856,0.0,0.56
68.08812,2.25,0.56
67.5,3.78653,0.56
67.16863,4.5,0.56
67.5,5.05251,0.56
68.80078,6.75,0.56
67.5,8.56051,0.56
67.0932,9.0,0.56
66.09092,11.25,0.56
65.70671,13.5,0.56
65.28388,15.75,0.56
65.25,16.05288,0.56
65.01115,18.0,0.56
65.17768,20.25,0.56
65.25,20.65745,0.56
65.31049,22.5,0.56
65.25,22.57778,0.56
63.5357,24.75,0.56
63.0,25.44178,0.56
61.77538,27.0,0.56
60.75,28.32988,0.56
60.02993,29.25,0.56
58.5,31.24315,0.56
58.29926,31.5,0.56
0.0,36.88309,0.56
0.9374,36.0,0.56
2.25,34.62768,0.56
3.15757,33.75,0.56
4.5,32.17081,0.56
5.09414,31.5,0.56
6.75,29.3105,0.56
6.7956,29.25,0.56
8.18668,27.0,0.56
9.0,24.8229,0.56
9.03218,24.75,0.56
9.0,24.39045,0.56
8.78795,22.5,0.56
9.0,20.80877,0.56
9.06226,20.25,0.56
9.85592,18.0,0.56
9.85524,15.75,0.56
9.85457,13.5,0.56
9.85389,11.25,0.56
10.35679,9.0,0.56
11.25,7.97849,0.56
12.65947,6.75,0.56
13.5,6.04019,0.56
15.3559,4.5,0.56
15.75,4.18573,0.56
18.0,2.41138,0.56
18.20637,2.25,0.56
20.25,0.72481,0.56
21.22472,0.0,0.56
0.75088,83.25,0.56
0.0,81.42094,0.56
0.75088,83.25,0.56
1.75184,85.5,0.56
0.75088,83.25,0.56
0.0,81.42094,0.56
1.75184,85.5,0.56
2.25,86.51732,0.56
1.75184,85.5,0.56
0.75088,83.25,0.56
0.0,81.42094,0.56
69.09712,0.0,0.58
67.84136,2.25,0.58
67.5,3.14184,0.58
66.8692,4.5,0.58
67.5,5.55176,0.58
68.41821,6.75,0.58
67.5,8.02802,0.58
66.60032,9.0,0.58
65.4811,11.25,0.58
65.25,12.20605,0.58
64.70343,13.5,0.58
64.14796,15.75,0.58
64.12161,18.0,0.58
64.21403,20.25,0.58
64.57094,22.5,0.58
63.35485,24.75,0.58
63.0,25.20823,0.58
61.59182,27.0,0.58
60.75,28.09182,0.58
59.84363,29.25,0.58
58.5,31.00044,0.58
58.10957,31.5,0.58
0.0,37.02931,0.58
1.09261,36.0,0.58
2.25,34.78995,0.58
3.32537,33.75,0.58
4.5,32.36821,0.58
5.26898,31.5,0.58
6.75,29.54169,0.58
6.96982,29.25,0.58
8.39747,27.0,0.58
9.0,25.38714,0.58
9.28124,24.75,0.58
9.11318,22.5,0.58
9.33966,20.25,0.58
10.2063,18.0,0.58
10.20563,15.75,0.58
10.20495,13.5,0.58
10.20428,11.25,0.58
10.91397,9.0,0.58
11.25,8.6157,0.58
13.39055,6.75,0.58
13.5,6.65757,0.58
15.75,4.78758,0.58
16.10087,4.5,0.58
18.0,3.00051,0.58
18.95975,2.25,0.58
20.25,1.28707,0.58
21.98083,0.0,0.58
0.08144,81.0,0.58
0.0,80.79526,0.58
0.08144,81.0,0.58
1.00788,83.25,0.58
0.08144,81.0,0.58
0.0,80.79526,0.58
1.00788,83.25,0.58
2.0211,85.5,0.58
1.00788,83.25,0.58
0.08144,81.0,0.58
0.0,80.79526,0.58
2.25,85.96745,0.58
2.0211,85.5,0.58
1.00788,83.25,0.58
0.08144,81.0,0.58
0.0,80.79526,0.58
68.85568,0.0,0.6
67.5946,2.25,0.6
67.5,2.49715,0.6
66.56977,4.5,0.6
67.5,6.05101,0.6
68.03563,6.75,0.6
67.5,7.49553,0.6
66.10743,9.0,0.6
65.25,10.65807,0.6
64.69911,11.25,0.6
63.63776,13.5,0.6
63.0,15.74312,0.6
62.99753,15.75,0.6
63.0,15.76573,0.6
63.23207,18.0,0.6
63.25037,20.25,0.6
63.54301,22.5,0.6
63.17399,24.75,0.6
63.0,24.97468,0.6
61.40827,27.0,0.6
60.75,27.85376,0.6
59.65733,29.25,0.6
58.5,30.75773,0.6
57.91988,31.5,0.6
56.25,33.68751,0.6
56.19779,33.75,0.6
0.0,37.17553,0.6
1.24783,36.0,0.6
2.25,34.95223,0.6
3.49318,33.75,0.6
4.5,32.56561,0.6
5.44382,31.5,0.6
6.75,29.77287,0.6
7.14404,29.25,0.6
8.60825,27.0,0.6
9.0,25.95137,0.6
9.5303,24.75,0.6
9.46615,22.5,0.6
9.61705,20.25,0.6
10.55669,18.0,0.6
10.55601,15.75,0.6
10.55533,13.5,0.6
10.55466,11.25,0.6
11.25,9.375,0.6
11.53666,9.0,0.6
13.5,7.28609,0.6
14.12538,6.75,0.6
15.75,5.39914,0.6
16.84701,4.5,0.6
18.0,3.58964,0.6
19.71313,2.25,0.6
20.25,1.84932,0.6
22.5,0.17581,0.6
22.73695,0.0,0.6
0.33003,81.0,0.6
0.0,80.17029,0.6
0.33003,81.0,0.6
1.26488,83.25,0.6
0.33003,81.0,0.6
0.0,80.17029,0.6
1.26488,83.25,0.6
2.26674,85.5,0.6
2.25,85.41533,0.6
1.26488,83.25,0.6
0.33003,81.0,0.6
0.0,80.17029,0.6
68.61424,0.0,0.62
67.5,1.9848,0.62
67.2561,2.25,0.62
66.27034,4.5,0.62
67.5,6.55027,0.62
67.65306,6.75,0.62
67.5,6.96303,0.62
65.61455,9.0,0.62
65.25,9.70495,0.62
63.81206,11.25,0.62
63.0,12.814,0.62
62.46404,13.5,0.62
61.65151,15.75,0.62
61.99877,18.0,0.62
62.29827,20.25,0.62
62.53711,22.5,0.62
62.96065,24.75,0.62
61.22472,27.0,0.62
60.75,27.6157,0.62
59.47103,29.25,0.62
58.5,30.51502,0.62
57.7302,31.5,0.62
56.25,33.43902,0.62
55.99019,33.75,0.62
0.0,37.32176,0.62
1.40304,36.0,0.62
2.25,35.11451,0.62
3.66098,33.75,0.62
4.5,32.76301,0.62
5.61866,31.5,0.62
6.75,30.00405,0.62
7.31827,29.25,0.62
8.81904,27.0,0.62
9.0,26.51561,0.62
9.77936,24.75,0.62
9.81912,22.5,0.62
9.89445,20.25,0.62
10.90707,18.0,0.62
10.90639,15.75,0.62
10.90572,13.5,0.62
10.90504,11.25,0.62
11.25,10.31982,0.62
12.25889,9.0,0.62
13.5,7.91656,0.62
14.86088,6.75,0.62
15.75,6.0107,0.62
17.59315,4.5,0.62
18.0,4.17877,0.62
20.25,2.41832,0.62
20.46664,2.25,0.62
22.5,0.73681,0.62
23.49305,0.0,0.62
0.57863,81.0,0.62
0.0,79.54532,0.62
0.57863,81.0,0.62
1.52188,83.25,0.62
0.57863,81.0,0.62
0.0,79.54532,0.62
1.52188,83.25,0.62
2.3784,85.5,0.62
2.25,84.85044,0.62
1.52188,83.25,0.62
0.57863,81.0,0.62
0.0,79.54532,0.62
68.3728,0.0,0.64
67.5,1.55473,0.64
66.86056,2.25,0.64
65.97091,4.5,0.64
66.74841,6.75,0.64
65.25,8.59774,0.64
64.8479,9.0,0.64
63.0,11.10155,0.64
62.86097,11.25,0.64
61.12928,13.5,0.64
60.75,14.54061,0.64
60.2011,15.75,0.64
60.6165,18.0,0.64
60.75,18.24722,0.64
61.35021,20.25,0.64
61.55587,22.5,0.64
61.92528,24.75,0.64
61.04117,27.0,0.64
60.75,27.37764,0.64
59.28473,29.25,0.64
58.5,30.27232,0.64
57.54051,31.5,0.64
56.25,33.19054,0.64
55.78259,33.75,0.64
0.0,37.46798,0.64
1.55826,36.0,0.64
2.25,35.27679,0.64
3.82878,33.75,0.64
4.5,32.96041,0.64
5.7935,31.5,0.64
6.75,30.23524,0.64
7.49249,29.25,0.64
9.0,27.0362,0.64
9.02575,27.0,0.64
10.02842,24.75,0.64
10.17209,22.5,0.64
10.17185,20.25,0.64
11.25,18.01224,0.64
11.25624,18.0,0.64
11.25678,15.75,0.64
11.2561,13.5,0.64
11.2582,11.25,0.64
12.98112,9.0,0.64
13.5,8.54704,0.64
15.59638,6.75,0.64
15.75,6.62226,0.64
18.0,4.77586,0.64
18.34004,4.5,0.64
20.25,3.00403,0.64
21.22049,2.25,0.64
22.5,1.29781,0.64
24.24915,0.0,0.64
0.82722,81.0,0.64
0.0,78.92036,0.64
0.82722,81.0,0.64
1.77888,83.25,0.64
0.82722,81.0,0.64
0.0,78.92036,0.64
1.77888,83.25,0.64
2.49006,85.5,0.64
2.25,84.28554,0.64
1.77888,83.25,0.64
0.82722,81.0,0.64
0.0,78.92036,0.64
68.13137,0.0,0.66
67.5,1.12465,0.66
66.46503,2.25,0.66
65.67148,4.5,0.66
65.49562,6.75,0.66
65.25,7.05288,0.66
63.30363,9.0,0.66
63.0,9.34531,0.66
61.21624,11.25,0.66
60.75,11.88825,0.66
59.45672,13.5,0.66
58.53901,15.75,0.66
58.90824,18.0,0.66
60.1939,20.25,0.66
60.57266,22.5,0.66
60.75,23.78129,0.66
60.8899,24.75,0.66
60.85762,27.0,0.66
60.75,27.13958,0.66
59.09842,29.25,0.66
58.5,30.02961,0.66
57.35082,31.5,0.66
56.25,32.94205,0.66
55.57498,33.75,0.66
54.0,35.87541,0.66
53.87916,36.0,0.66
0.0,37.6142,0.66
1.71348,36.0,0.66
2.25,35.43907,0.66
3.99659,33.75,0.66
4.5,33.15781,0.66
5.96833,31.5,0.66
6.75,30.46642,0.66
7.66672,29.25,0.66
9.0,27.29205,0.66
9.20773,27.0,0.66
10.27748,24.75,0.66
10.52506,22.5,0.66
10.44924,20.25,0.66
11.25,18.58799,0.66
11.54952,18.0,0.66
11.60716,15.75,0.66
11.60648,13.5,0.66
11.78754,11.25,0.66
13.5,9.18015,0.66
13.70484,9.0,0.66
15.75,7.24414,0.66
16.33451,6.75,0.66
18.0,5.3825,0.66
19.08784,4.5,0.66
20.25,3.58974,0.66
21.97434,2.25,0.66
22.5,1.85881,0.66
24.75,0.18903,0.66
25.00525,0.0,0.66
0.17652,78.75,0.66
0.0,78.29589,0.66
0.17652,78.75,0.66
1.07581,81.0,0.66
0.17652,78.75,0.66
0.0,78.29589,0.66
1.07581,81.0,0.66
2.03588,83.25,0.66
1.07581,81.0,0.66
0.17652,78.75,0.66
0.0,78.29589,0.66
2.60173,85.5,0.66
2.25,83.72064,0.66
2.03588,83.25,0.66
1.07581,81.0,0.66
0.17652,78.75,0.66
0.0,78.29589,0.66
67.88993,0.0,0.68
67.5,0.69458,0.68
66.06949,2.25,0.68
65.37205,4.5,0.68
65.25,5.25696,0.68
63.54319,6.75,0.68
63.0,7.29348,0.68
61.2305,9.0,0.68
60.75,9.52515,0.68
59.12108,11.25,0.68
58.5,12.07661,0.68
57.36625,13.5,0.68
56.39848,15.75,0.68
56.81221,18.0,0.68
58.5,19.94888,0.68
58.67822,20.25,0.68
59.58044,22.5,0.68
59.8911,24.75,0.68
60.31874,27.0,0.68
58.91212,29.25,0.68
58.5,29.7869,0.68
57.16114,31.5,0.68
56.25,32.69357,0.68
55.36738,33.75,0.68
54.0,35.59526,0.68
53.60744,36.0,0.68
0.0,37.76042,0.68
1.86869,36.0,0.68
2.25,35.60134,0.68
4.16439,33.75,0.68
4.5,33.35521,0.68
6.14317,31.5,0.68
6.75,30.6976,0.68
7.84094,29.25,0.68
9.0,27.54791,0.68
9.3897,27.0,0.68
10.52654,24.75,0.68
10.87803,22.5,0.68
10.72664,20.25,0.68
11.25,19.16374,0.68
11.84279,18.0,0.68
11.95754,15.75,0.68
11.95687,13.5,0.68
12.31688,11.25,0.68
13.5,9.81996,0.68
14.43236,9.0,0.68
15.75,7.86875,0.68
17.07334,6.75,0.68
18.0,5.98913,0.68
19.83563,4.5,0.68
20.25,4.17545,0.68
22.5,2.42642,0.68
22.72829,2.25,0.68
24.75,0.74899,0.68
25.76137,0.0,0.68
0.41919,78.75,0.68
0.0,77.6716,0.68
0.41919,78.75,0.68
1.32441,81.0,0.68
0.41919,78.75,0.68
0.0,77.6716,0.68
1.32441,81.0,0.68
2.27322,83.25,0.68
2.25,83.1535,0.68
1.32441,81.0,0.68
0.41919,78.75,0.68
0.0,77.6716,0.68
2.71339,85.5,0.68
2.27322,83.25,0.68
2.25,83.1535,0.68
1.32441,81.0,0.68
0.41919,78.75,0.68
0.0,77.6716,0.68
67.64849,0.0,0.7
67.5,0.26451,0.7
65.67395,2.25,0.7
65.25,3.6991,0.7
64.17708,4.5,0.7
63.0,5.54896,0.7
61.53632,6.75,0.7
60.75,7.51123,0.7
59.04337,9.0,0.7
58.5,9.57402,0.7
56.73871,11.25,0.7
56.25,11.86443,0.7
54.80306,13.5,0.7
54.0,15.12616,0.7
53.64511,15.75,0.7
54.0,17.49334,0.7
54.09586,18.0,0.7
56.25,19.77073,0.7
56.6692,20.25,0.7
58.5,22.29407,0.7
58.58821,22.5,0.7
58.89802,24.75,0.7
59.27624,27.0,0.7
58.72582,29.25,0.7
58.5,29.54419,0.7
56.97145,31.5,0.7
56.25,32.44508,0.7
55.15978,33.75,0.7
54.0,35.3151,0.7
53.33571,36.0,0.7
51.75,38.18946,0.7
51.68946,38.25,0.7
0.0,37.90665,0.7
2.02391,36.0,0.7
2.25,35.76362,0.7
4.3322,33.75,0.7
4.5,33.55261,0.7
6.31801,31.5,0.7
6.75,30.92879,0.7
8.01516,29.25,0.7
9.0,27.80376,0.7
9.57168,27.0,0.7
10.7756,24.75,0.7
11.231,22.5,0.7
11.00403,20.25,0.7
11.25,19.73949,0.7
12.13607,18.0,0.7
12.30792,15.75,0.7
12.30725,13.5,0.7
12.84622,11.25,0.7
13.5,10.45978,0.7
15.15988,9.0,0.7
15.75,8.49336,0.7
17.81217,6.75,0.7
18.0,6.59577,0.7
20.25,4.76861,0.7
20.584,4.5,0.7
22.5,3.00923,0.7
23.4825,2.25,0.7
24.75,1.30895,0.7
26.51748,0.0,0.7
0.66186,78.75,0.7
0.0,77.04732,0.7
0.66186,78.75,0.7
1.573,81.0,0.7
0.66186,78.75,0.7
0.0,77.04732,0.7
1.573,81.0,0.7
2.4124,83.25,0.7
2.25,82.57512,0.7
1.573,81.0,0.7
0.66186,78.75,0.7
0.0,77.04732,0.7
2.82505,85.5,0.7
2.4124,83.25,0.7
2.25,82.57512,0.7
1.573,81.0,0.7
0.66186,78.75,0.7
0.0,77.04732,0.7
67.20277,0.0,0.72
65.27842,2.25,0.72
65.25,2.34714,0.72
63.0,4.15215,0.72
62.56907,4.5,0.72
60.75,6.1001,0.72
59.94352,6.75,0.72
58.5,8.07424,0.72
57.3379,9.0,0.72
56.25,10.05366,0.72
54.77824,11.25,0.72
54.0,12.09488,0.72
52.43606,13.5,0.72
51.75,14.49329,0.72
50.69365,15.75,0.72
50.4256,18.0,0.72
51.75,18.95085,0.72
53.77187,20.25,0.72
54.0,20.33042,0.72
56.25,21.66985,0.72
57.01197,22.5,0.72
57.8842,24.75,0.72
58.24416,27.0,0.72
58.5,28.22917,0.72
58.53952,29.25,0.72
58.5,29.30148,0.72
56.78176,31.5,0.72
56.25,32.19659,0.72
54.95218,33.75,0.72
54.0,35.03495,0.72
53.06398,36.0,0.72
51.75,37.81427,0.72
51.31427,38.25,0.72
0.0,38.05287,0.72
2.17913,36.0,0.72
2.25,35.9259,0.72
4.5,33.75,0.72
4.5,33.75,0.72
6.49285,31.5,0.72
6.75,31.15997,0.72
8.18939,29.25,0.72
9.0,28.05961,0.72
9.75366,27.0,0.72
11.02466,24.75,0.72
11.25,23.65017,0.72
11.5273,22.5,0.72
11.28866,20.25,0.72
12.42935,18.0,0.72
12.65831,15.75,0.72
12.65763,13.5,0.72
13.37556,11.25,0.72
13.5,11.09959,0.72
15.75,9.11978,0.72
15.88818,9.0,0.72
18.0,7.21199,0.72
18.55292,6.75,0.72
20.25,5.37104,0.72
21.33306,4.5,0.72
22.5,3.59205,0.72
24.23671,2.25,0.72
24.75,1.86891,0.72
27.0,0.20229,0.72
27.2736,0.0,0.72
0.02939,76.5,0.72
0.0,76.4231,0.72
0.02939,76.5,0.72
0.90453,78.75,0.72
0.02939,76.5,0.72
0.0,76.4231,0.72
0.90453,78.75,0.72
1.82159,81.0,0.72
0.90453,78.75,0.72
0.02939,76.5,0.72
0.0,76.4231,0.72
2.55157,83.25,0.72
2.25,81.99674,0.72
1.82159,81.0,0.72
0.90453,78.75,0.72
0.02939,76.5,0.72
0.0,76.4231,0.72
2.93672,85.5,0.72
2.55157,83.25,0.72
2.25,81.99674,0.72
1.82159,81.0,0.72
0.90453,78.75,0.72
0.02939,76.5,0.72
0.0,76.4231,0.72
66.43068,0.0,0.74
65.25,1.40017,0.74
64.11657,2.25,0.74
63.0,3.15852,0.74
61.33813,4.5,0.74
60.75,5.01734,0.74
58.5999,6.75,0.74
58.5,6.84164,0.74
56.25,8.74785,0.74
55.92794,9.0,0.74
54.0,10.69793,0.74
53.27663,11.25,0.74
51.75,12.68546,0.74
50.70337,13.5,0.74
49.5,14.82084,0.74
48.44835,15.75,0.74
47.25,17.70339,0.74
47.02298,18.0,0.74
47.25,18.60161,0.74
48.74793,20.25,0.74
49.5,20.46015,0.74
51.75,21.04652,0.74
54.0,21.86883,0.74
54.97816,22.5,0.74
56.25,23.56822,0.74
56.85651,24.75,0.74
57.24248,27.0,0.74
57.67318,29.25,0.74
56.59207,31.5,0.74
56.25,31.94811,0.74
54.74458,33.75,0.74
54.0,34.75479,0.74
52.79226,36.0,0.74
51.75,37.43909,0.74
50.93909,38.25,0.74
49.5,40.34611,0.74
49.384,40.5,0.74
0.0,38.19909,0.74
2.25,36.09027,0.74
2.34027,36.0,0.74
4.5,33.91072,0.74
4.67396,33.75,0.74
6.66768,31.5,0.74
6.75,31.39115,0.74
8.36361,29.25,0.74
9.0,28.31546,0.74
9.93564,27.0,0.74
11.25,24.77928,0.74
11.26882,24.75,0.74
11.82038,22.5,0.74
11.62982,20.25,0.74
12.72263,18.0,0.74
13.00869,15.75,0.74
13.00802,13.5,0.74
13.5,12.04347,0.74
14.051,11.25,0.74
15.75,9.75403,0.74
16.61986,9.0,0.74
18.0,7.83148,0.74
19.29432,6.75,0.74
20.25,5.97347,0.74
22.08213,4.5,0.74
22.5,4.17487,0.74
24.75,2.43538,0.74
24.991,2.25,0.74
27.0,0.76136,0.74
28.02973,0.0,0.74
0.26776,76.5,0.74
0.0,75.79926,0.74
0.26776,76.5,0.74
1.1472,78.75,0.74
0.26776,76.5,0.74
0.0,75.79926,0.74
1.1472,78.75,0.74
2.07019,81.0,0.74
1.1472,78.75,0.74
0.26776,76.5,0.74
0.0,75.79926,0.74
2.69074,83.25,0.74
2.25,81.41836,0.74
2.07019,81.0,0.74
1.1472,78.75,0.74
0.26776,76.5,0.74
0.0,75.79926,0.74
3.04838,85.5,0.74
2.69074,83.25,0.74
2.25,81.41836,0.74
2.07019,81.0,0.74
1.1472,78.75,0.74
0.26776,76.5,0.74
0.0,75.79926,0.74
65.65859,0.0,0.76
65.25,0.48454,0.76
63.0,2.17977,0.76
62.91894,2.25,0.76
60.75,4.08249,0.76
60.25833,4.5,0.76
58.5,6.00435,0.76
57.5857,6.75,0.76
56.25,7.89853,0.76
54.84314,9.0,0.76
54.0,9.74255,0.76
52.02482,11.25,0.76
51.75,11.50841,0.76
49.5,13.33694,0.76
49.2833,13.5,0.76
47.25,15.39249,0.76
46.79453,15.75,0.76
45.0,17.80289,0.76
44.79007,18.0,0.76
44.35576,20.25,0.76
45.0,20.77699,0.76
47.25,21.59071,0.76
49.5,22.03758,0.76
51.6016,22.5,0.76
51.75,22.52627,0.76
54.0,23.39273,0.76
55.54416,24.75,0.76
56.24029,27.0,0.76
56.25,27.05651,0.76
56.62375,29.25,0.76
56.40239,31.5,0.76
56.25,31.69962,0.76
54.53697,33.75,0.76
54.0,34.47464,0.76
52.52053,36.0,0.76
51.75,37.0639,0.76
50.5639,38.25,0.76
49.5,39.79964,0.76
48.97206,40.5,0.76
0.0,38.36593,0.76
0.11593,38.25,0.76
2.25,36.25641,0.76
2.50641,36.0,0.76
4.5,34.07143,0.76
4.84792,33.75,0.76
6.75,31.60387,0.76
6.85457,31.5,0.76
8.53784,29.25,0.76
9.0,28.57131,0.76
10.11761,27.0,0.76
11.25,25.08675,0.76
11.46638,24.75,0.76
12.11346,22.5,0.76
11.97099,20.25,0.76
13.01591,18.0,0.76
13.35907,15.75,0.76
13.3584,13.5,0.76
13.5,13.08079,0.76
14.77133,11.25,0.76
15.75,10.38828,0.76
17.35153,9.0,0.76
18.0,8.45096,0.76
20.03573,6.75,0.76
20.25,6.5759,0.76
22.5,4.76475,0.76
22.83164,4.5,0.76
24.75,3.01572,0.76
25.74549,2.25,0.76
27.0,1.32042,0.76
28.78587,0.0,0.76
0.50613,76.5,0.76
0.0,75.17543,0.76
0.50613,76.5,0.76
1.38987,78.75,0.76
0.50613,76.5,0.76
0.0,75.17543,0.76
1.38987,78.75,0.76
2.30071,81.0,0.76
2.25,80.83709,0.76
1.38987,78.75,0.76
0.50613,76.5,0.76
0.0,75.17543,0.76
2.82992,83.25,0.76
2.30071,81.0,0.76
2.25,80.83709,0.76
1.38987,78.75,0.76
0.50613,76.5,0.76
0.0,75.17543,0.76
3.16004,85.5,0.76
2.82992,83.25,0.76
2.30071,81.0,0.76
2.25,80.83709,0.76
1.38987,78.75,0.76
0.50613,76.5,0.76
0.0,75.17543,0.76
64.75254,0.0,0.78
63.0,1.35989,0.78
61.97262,2.25,0.78
60.75,3.28297,0.78
59.31679,4.5,0.78
58.5,5.19882,0.78
56.59797,6.75,0.78
56.25,7.04921,0.78
54.0,8.84642,0.78
53.80582,9.0,0.78
51.75,10.69058,0.78
51.01706,11.25,0.78
49.5,12.539,0.78
48.22284,13.5,0.78
47.25,14.40547,0.78
45.53706,15.75,0.78
45.0,16.36438,0.78
43.25805,18.0,0.78
42.75,18.96233,0.78
41.92924,20.25,0.78
42.75,22.0588,0.78
43.39332,22.5,0.78
45.0,22.84746,0.78
47.25,23.09195,0.78
49.5,23.32743,0.78
51.75,23.79534,0.78
53.72806,24.75,0.78
54.0,24.94081,0.78
55.18159,27.0,0.78
55.60074,29.25,0.78
56.04574,31.5,0.78
54.32937,33.75,0.78
54.0,34.19448,0.78
52.2488,36.0,0.78
51.75,36.68872,0.78
50.18872,38.25,0.78
49.5,39.25316,0.78
48.56013,40.5,0.78
47.25,42.55475,0.78
47.12184,42.75,0.78
0.0,38.54377,0.78
0.29377,38.25,0.78
2.25,36.42254,0.78
2.67254,36.0,0.78
4.5,34.23215,0.78
5.02188,33.75,0.78
6.75,31.80014,0.78
7.05218,31.5,0.78
8.71206,29.25,0.78
9.0,28.82716,0.78
10.29959,27.0,0.78
11.25,25.39421,0.78
11.66394,24.75,0.78
12.40654,22.5,0.78
12.31215,20.25,0.78
13.30919,18.0,0.78
13.5,16.8274,0.78
13.70946,15.75,0.78
13.80048,13.5,0.78
15.49166,11.25,0.78
15.75,11.02253,0.78
18.0,9.07155,0.78
18.08358,9.0,0.78
20.25,7.18726,0.78
20.77858,6.75,0.78
22.5,5.36353,0.78
23.5817,4.5,0.78
24.75,3.59606,0.78
26.49998,2.25,0.78
27.0,1.87949,0.78
29.25,0.2156,0.78
29.54199,0.0,0.78
0.7445,76.5,0.78
0.0,74.5516,0.78
0.7445,76.5,0.78
1.63254,78.75,0.78
0.7445,76.5,0.78
0.0,74.5516,0.78
1.63254,78.75,0.78
2.48398,81.0,0.78
2.25,80.24825,0.78
1.63254,78.75,0.78
0.7445,76.5,0.78
0.0,74.5516,0.78
2.96909,83.25,0.78
2.48398,81.0,0.78
2.25,80.24825,0.78
1.63254,78.75,0.78
0.7445,76.5,0.78
0.0,74.5516,0.78
3.2717,85.5,0.78
2.96909,83.25,0.78
2.48398,81.0,0.78
2.25,80.24825,0.78
1.63254,78.75,0.78
0.7445,76.5,0.78
0.0,74.5516,0.78
63.69593,0.0,0.8
63.0,0.54001,0.8
61.02631,2.25,0.8
60.75,2.48345,0.8
58.5,4.40536,0.8
58.39108,4.5,0.8
56.25,6.30186,0.8
55.70797,6.75,0.8
54.0,8.15703,0.8
52.93417,9.0,0.8
51.75,9.97379,0.8
50.07794,11.25,0.8
49.5,11.74106,0.8
47.25,13.44719,0.8
47.18024,13.5,0.8
45.0,15.34148,0.8
44.46528,15.75,0.8
42.75,17.39993,0.8
42.02846,18.0,0.8
40.5,19.93874,0.8
40.21021,20.25,0.8
39.97832,22.5,0.8
40.5,22.98344,0.8
42.75,23.84898,0.8
45.0,24.13286,0.8
47.25,24.27174,0.8
49.5,24.498,0.8
50.5461,24.75,0.8
51.75,25.09515,0.8
54.0,26.78583,0.8
54.12289,27.0,0.8
54.59234,29.25,0.8
55.00702,31.5,0.8
54.12177,33.75,0.8
54.0,33.91432,0.8
51.97708,36.0,0.8
51.75,36.31353,0.8
49.81353,38.25,0.8
49.5,38.70668,0.8
48.14819,40.5,0.8
47.25,41.90869,0.8
46.69776,42.75,0.8
0.0,38.72161,0.8
0.47161,38.25,0.8
2.25,36.58867,0.8
2.83867,36.0,0.8
4.5,34.39286,0.8
5.19583,33.75,0.8
6.75,31.99642,0.8
7.24978,31.5,0.8
8.88628,29.25,0.8
9.0,29.08301,0.8
10.48157,27.0,0.8
11.25,25.70167,0.8
11.86151,24.75,0.8
12.69962,22.5,0.8
12.65332,20.25,0.8
13.5,18.27767,0.8
13.58651,18.0,0.8
14.05984,15.75,0.8
14.30477,13.5,0.8
15.75,11.66144,0.8
16.21499,11.25,0.8
18.0,9.70079,0.8
18.81855,9.0,0.8
20.25,7.80225,0.8
21.52202,6.75,0.8
22.5,5.96232,0.8
24.33177,4.5,0.8
24.75,4.1764,0.8
27.0,2.44501,0.8
27.25454,2.25,0.8
29.25,0.77388,0.8
30.29811,0.0,0.8
0.12147,74.25,0.8
0.0,73.92792,0.8
0.12147,74.25,0.8
0.98287,76.5,0.8
0.12147,74.25,0.8
0.0,73.92792,0.8
0.98287,76.5,0.8
1.87521,78.75,0.8
0.98287,76.5,0.8
0.12147,74.25,0.8
0.0,73.92792,0.8
2.66726,81.0,0.8
2.25,79.65942,0.8
1.87521,78.75,0.8
0.98287,76.5,0.8
0.12147,74.25,0.8
0.0,73.92792,0.8
3.10826,83.25,0.8
2.66726,81.0,0.8
2.25,79.65942,0.8
1.87521,78.75,0.8
0.98287,76.5,0.8
0.12147,74.25,0.8
0.0,73.92792,0.8
3.38337,85.5,0.8
3.10826,83.25,0.8
2.66726,81.0,0.8
2.25,79.65942,0.8
1.87521,78.75,0.8
0.98287,76.5,0.8
0.12147,74.25,0.8
0.0,73.92792,0.8
62.70455,0.0,0.82
60.75,1.71296,0.82
60.16544,2.25,0.82
58.5,3.69099,0.82
57.56894,4.5,0.82
56.25,5.60998,0.82
54.87112,6.75,0.82
54.0,7.46763,0.82
52.06252,9.0,0.82
51.75,9.257,0.82
49.5,11.01287,0.82
49.19338,11.25,0.82
47.25,12.80802,0.82
46.336,13.5,0.82
45.0,14.62842,0.82
43.53193,15.75,0.82
42.75,16.50214,0.82
40.94892,18.0,0.82
40.5,18.56942,0.82
38.93536,20.25,0.82
38.25,21.89085,0.82
37.95337,22.5,0.82
38.25,23.19326,0.82
40.03371,24.75,0.82
40.5,24.88908,0.82
42.75,25.18024,0.82
45.0,25.27906,0.82
47.25,25.37069,0.82
49.5,25.65758,0.82
51.75,26.48826,0.82
52.41054,27.0,0.82
53.55095,29.25,0.82
53.96906,31.5,0.82
53.67069,33.75,0.82
51.75,35.85646,0.82
51.66509,36.0,0.82
49.5,38.16509,0.82
49.43976,38.25,0.82
47.73626,40.5,0.82
47.25,41.26263,0.82
46.27368,42.75,0.82
45.0,44.82163,0.82
44.88777,45.0,0.82
0.0,38.89945,0.82
0.64945,38.25,0.82
2.25,36.7548,0.82
3.0048,36.0,0.82
4.5,34.55357,0.82
5.36979,33.75,0.82
6.75,32.1927,0.82
7.44739,31.5,0.82
9.0,29.34525,0.82
9.0836,29.25,0.82
10.66354,27.0,0.82
11.25,26.00914,0.82
12.05907,24.75,0.82
12.99269,22.5,0.82
12.99448,20.25,0.82
13.5,19.07241,0.82
13.83411,18.0,0.82
14.41022,15.75,0.82
14.80905,13.5,0.82
15.75,12.30297,0.82
16.94,11.25,0.82
18.0,10.33002,0.82
19.55353,9.0,0.82
20.25,8.41723,0.82
22.26547,6.75,0.82
22.5,6.5611,0.82
24.75,4.7635,0.82
25.08219,4.5,0.82
27.0,3.0232,0.82
28.00925,2.25,0.82
29.25,1.33217,0.82
31.05423,0.0,0.82
0.35664,74.25,0.82
0.0,73.30439,0.82
0.35664,74.25,0.82
1.22124,76.5,0.82
0.35664,74.25,0.82
0.0,73.30439,0.82
1.22124,76.5,0.82
2.11788,78.75,0.82
1.22124,76.5,0.82
0.35664,74.25,0.82
0.0,73.30439,0.82
2.85053,81.0,0.82
2.25,79.07058,0.82
2.11788,78.75,0.82
1.22124,76.5,0.82
0.35664,74.25,0.82
0.0,73.30439,0.82
3.24744,83.25,0.82
2.85053,81.0,0.82
2.25,79.07058,0.82
2.11788,78.75,0.82
1.22124,76.5,0.82
0.35664,74.25,0.82
0.0,73.30439,0.82
3.49503,85.5,0.82
3.24744,83.25,0.82
2.85053,81.0,0.82
2.25,79.07058,0.82
2.11788,78.75,0.82
1.22124,76.5,0.82
0.35664,74.25,0.82
0.0,73.30439,0.82
61.83906,0.0,0.84
60.75,0.95445,0.84
59.3398,2.25,0.84
58.5,2.97662,0.84
56.74681,4.5,0.84
56.25,4.9181,0.84
54.03428,6.75,0.84
54.0,6.77824,0.84
51.75,8.60257,0.84
51.25335,9.0,0.84
49.5,10.39629,0.84
48.39611,11.25,0.84
47.25,12.16884,0.84
45.49177,13.5,0.84
45.0,13.91536,0.84
42.75,15.65343,0.84
42.62372,15.75,0.84
40.5,17.60321,0.84
40.00238,18.0,0.84
38.25,19.83707,0.84
37.80093,20.25,0.84
36.46707,22.5,0.84
36.90935,24.75,0.84
38.25,25.53725,0.84
40.5,26.07621,0.84
42.75,26.24423,0.84
45.0,26.2967,0.84
47.25,26.41453,0.84
49.5,26.81414,0.84
49.95575,27.0,0.84
51.75,28.10572,0.84
52.46258,29.25,0.84
52.95503,31.5,0.84
52.87421,33.75,0.84
51.75,34.98294,0.84
51.14833,36.0,0.84
49.5,37.64833,0.84
49.07318,38.25,0.84
47.32432,40.5,0.84
47.25,40.61656,0.84
45.84959,42.75,0.84
45.0,44.13186,0.84
44.45378,45.0,0.84
0.0,39.07728,0.84
0.82728,38.25,0.84
2.25,36.92094,0.84
3.17094,36.0,0.84
4.5,34.71429,0.84
5.54375,33.75,0.84
6.75,32.38898,0.84
7.645,31.5,0.84
9.0,29.61949,0.84
9.32431,29.25,0.84
10.84552,27.0,0.84
11.25,26.3166,0.84
12.25664,24.75,0.84
13.28577,22.5,0.84
13.33565,20.25,0.84
13.5,19.86714,0.84
14.08172,18.0,0.84
14.76061,15.75,0.84
15.31333,13.5,0.84
15.75,12.94449,0.84
17.66501,11.25,0.84
18.0,10.95926,0.84
20.25,9.03273,0.84
20.28865,9.0,0.84
22.5,7.16826,0.84
23.01003,6.75,0.84
24.75,5.3591,0.84
25.83305,4.5,0.84
27.0,3.6014,0.84
28.76395,2.25,0.84
29.25,1.89045,0.84
31.5,0.22887,0.84
31.81034,0.0,0.84
0.5918,74.25,0.84
0.0,72.68085,0.84
0.5918,74.25,0.84
1.45961,76.5,0.84
0.5918,74.25,0.84
0.0,72.68085,0.84
1.45961,76.5,0.84
2.37123,78.75,0.84
2.25,78.47821,0.84
1.45961,76.5,0.84
0.5918,74.25,0.84
0.0,72.68085,0.84
3.0338,81.0,0.84
2.37123,78.75,0.84
2.25,78.47821,0.84
1.45961,76.5,0.84
0.5918,74.25,0.84
0.0,72.68085,0.84
3.38661,83.25,0.84
3.0338,81.0,0.84
2.37123,78.75,0.84
2.25,78.47821,0.84
1.45961,76.5,0.84
0.5918,74.25,0.84
0.0,72.68085,0.84
3.60669,85.5,0.84
3.38661,83.25,0.84
3.0338,81.0,0.84
2.37123,78.75,0.84
2.25,78.47821,0.84
1.45961,76.5,0.84
0.5918,74.25,0.84
0.0,72.68085,0.84
60.97357,0.0,0.86
60.75,0.19594,0.86
58.51416,2.25,0.86
58.5,2.26225,0.86
56.25,4.23832,0.86
55.95053,4.5,0.86
54.0,6.13982,0.86
53.26831,6.75,0.86
51.75,7.983,0.86
50.47909,9.0,0.86
49.5,9.77971,0.86
47.59885,11.25,0.86
47.25,11.52967,0.86
45.0,13.26278,0.86
44.6905,13.5,0.86
42.75,15.05817,0.86
41.84532,15.75,0.86
40.5,16.92395,0.86
39.15053,18.0,0.86
38.25,18.94405,0.86
36.82975,20.25,0.86
36.0,21.49817,0.86
35.22883,22.5,0.86
34.94514,24.75,0.86
36.0,25.95351,0.86
38.25,26.96385,0.86
38.48066,27.0,0.86
40.5,27.21508,0.86
42.75,27.27564,0.86
45.0,27.30638,0.86
47.25,27.48514,0.86
49.5,28.11402,0.86
51.10321,29.25,0.86
51.75,30.70583,0.86
51.94099,31.5,0.86
52.07773,33.75,0.86
51.75,34.10943,0.86
50.63157,36.0,0.86
49.5,37.13157,0.86
48.7066,38.25,0.86
47.25,40.11526,0.86
46.95155,40.5,0.86
45.42551,42.75,0.86
45.0,43.44209,0.86
44.01979,45.0,0.86
42.75,47.1229,0.86
42.67259,47.25,0.86
0.0,39.25512,0.86
1.00512,38.25,0.86
2.25,37.08707,0.86
3.33707,36.0,0.86
4.5,34.875,0.86
5.71771,33.75,0.86
6.75,32.58526,0.86
7.84261,31.5,0.86
9.0,29.89374,0.86
9.56502,29.25,0.86
11.0275,27.0,0.86
11.25,26.62407,0.86
12.4542,24.75,0.86
13.5,22.60883,0.86
13.58346,22.5,0.86
13.67531,20.25,0.86
14.32932,18.0,0.86
15.11099,15.75,0.86
15.75,13.65408,0.86
15.84639,13.5,0.86
18.0,11.59256,0.86
18.39208,11.25,0.86
20.25,9.65747,0.86
21.0263,9.0,0.86
22.5,7.77928,0.86
23.7551,6.75,0.86
24.75,5.9547,0.86
26.58391,4.5,0.86
27.0,4.1796,0.86
29.25,2.45516,0.86
29.51873,2.25,0.86
31.5,0.78649,0.86
32.56646,0.0,0.86
0.82696,74.25,0.86
0.0,72.05732,0.86
0.82696,74.25,0.86
1.69798,76.5,0.86
0.82696,74.25,0.86
0.0,72.05732,0.86
1.69798,76.5,0.86
2.63732,78.75,0.86
2.25,77.8816,0.86
1.69798,76.5,0.86
0.82696,74.25,0.86
0.0,72.05732,0.86
3.21708,81.0,0.86
2.63732,78.75,0.86
2.25,77.8816,0.86
1.69798,76.5,0.86
0.82696,74.25,0.86
0.0,72.05732,0.86
3.52578,83.25,0.86
3.21708,81.0,0.86
2.63732,78.75,0.86
2.25,77.8816,0.86
1.69798,76.5,0.86
0.82696,74.25,0.86
0.0,72.05732,0.86
3.71836,85.5,0.86
3.52578,83.25,0.86
3.21708,81.0,0.86
2.63732,78.75,0.86
2.25,77.8816,0.86
1.69798,76.5,0.86
0.82696,74.25,0.86
0.0,72.05732,0.86
60.19531,0.0,0.88
58.5,1.56949,0.88
57.76028,2.25,0.88
56.25,3.57702,0.88
55.19375,4.5,0.88
54.0,5.50359,0.88
52.50537,6.75,0.88
51.75,7.36342,0.88
49.70484,9.0,0.88
49.5,9.16312,0.88
47.25,10.93088,0.88
46.84242,11.25,0.88
45.0,12.6946,0.88
43.94918,13.5,0.88
42.75,14.46292,0.88
41.06691,15.75,0.88
40.5,16.2447,0.88
38.29868,18.0,0.88
38.25,18.05104,0.88
36.0,20.14953,0.88
35.88231,20.25,0.88
34.10428,22.5,0.88
33.75,23.66945,0.88
33.37534,24.75,0.88
33.75,25.70755,0.88
34.79146,27.0,0.88
36.0,27.54324,0.88
38.25,28.01823,0.88
40.5,28.18463,0.88
42.75,28.22717,0.88
45.0,28.29823,0.88
47.25,28.58994,0.88
49.06263,29.25,0.88
49.5,29.49152,0.88
50.84166,31.5,0.88
51.19383,33.75,0.88
50.11481,36.0,0.88
49.5,36.61481,0.88
48.34001,38.25,0.88
47.25,39.64583,0.88
46.58739,40.5,0.88
45.00143,42.75,0.88
45.0,42.75233,0.88
43.58579,45.0,0.88
42.75,46.39733,0.88
42.23067,47.25,0.88
0.0,39.43296,0.88
1.18296,38.25,0.88
2.25,37.2532,0.88
3.5032,36.0,0.88
4.5,35.03572,0.88
5.89166,33.75,0.88
6.75,32.78153,0.88
8.04021,31.5,0.88
9.0,30.16798,0.88
9.80573,29.25,0.88
11.20947,27.0,0.88
11.25,26.93153,0.88
12.65176,24.75,0.88
13.5,23.01332,0.88
13.89366,22.5,0.88
14.01357,20.25,0.88
14.57693,18.0,0.88
15.46137,15.75,0.88
15.75,14.80331,0.88
16.56537,13.5,0.88
18.0,12.22935,0.88
19.12092,11.25,0.88
20.25,10.2822,0.88
21.76395,9.0,0.88
22.5,8.39031,0.88
24.50018,6.75,0.88
24.75,6.5503,0.88
27.0,4.7643,0.88
27.33507,4.5,0.88
29.25,3.03148,0.88
30.27362,2.25,0.88
31.5,1.3441,0.88
33.32257,0.0,0.88
0.29576,72.0,0.88
0.0,71.43397,0.88
0.29576,72.0,0.88
1.06212,74.25,0.88
0.29576,72.0,0.88
0.0,71.43397,0.88
1.06212,74.25,0.88
1.93636,76.5,0.88
1.06212,74.25,0.88
0.29576,72.0,0.88
0.0,71.43397,0.88
2.90342,78.75,0.88
2.25,77.285,0.88
1.93636,76.5,0.88
1.06212,74.25,0.88
0.29576,72.0,0.88
0.0,71.43397,0.88
3.40035,81.0,0.88
2.90342,78.75,0.88
2.25,77.285,0.88
1.93636,76.5,0.88
1.06212,74.25,0.88
0.29576,72.0,0.88
0.0,71.43397,0.88
3.66496,83.25,0.88
3.40035,81.0,0.88
2.90342,78.75,0.88
2.25,77.285,0.88
1.93636,76.5,0.88
1.06212,74.25,0.88
0.29576,72.0,0.88
0.0,71.43397,0.88
3.83002,85.5,0.88
3.66496,83.25,0.88
3.40035,81.0,0.88
2.90342,78.75,0.88
2.25,77.285,0.88
1.93636,76.5,0.88
1.06212,74.25,0.88
0.29576,72.0,0.88
0.0,71.43397,0.88
59.44742,0.0,0.9
58.5,0.87711,0.9
57.00766,2.25,0.9
56.25,2.91572,0.9
54.43696,4.5,0.9
54.0,4.86735,0.9
51.75,6.74409,0.9
51.74294,6.75,0.9
49.5,8.57438,0.9
48.97278,9.0,0.9
47.25,10.3635,0.9
46.11777,11.25,0.9
45.0,12.12642,0.9
43.20787,13.5,0.9
42.75,13.86766,0.9
40.5,15.60392,0.9
40.3102,15.75,0.9
38.25,17.45493,0.9
37.55641,18.0,0.9
36.0,19.45963,0.9
35.07418,20.25,0.9
33.75,21.83672,0.9
33.12009,22.5,0.9
32.08828,24.75,0.9
32.61759,27.0,0.9
33.75,27.88488,0.9
36.0,28.73471,0.9
38.25,29.06292,0.9
40.5,29.15417,0.9
42.75,29.17869,0.9
44.21167,29.25,0.9
45.0,29.29369,0.9
47.25,29.76736,0.9
49.5,31.16688,0.9
49.72252,31.5,0.9
50.24882,33.75,0.9
49.59806,36.0,0.9
49.5,36.09806,0.9
47.97343,38.25,0.9
47.25,39.17639,0.9
46.22324,40.5,0.9
45.0,42.23518,0.9
44.60871,42.75,0.9
43.1518,45.0,0.9
42.75,45.67175,0.9
41.78875,47.25,0.9
40.5,49.44816,0.9
40.46918,49.5,0.9
0.0,39.6108,0.9
1.3608,38.25,0.9
2.25,37.41934,0.9
3.66934,36.0,0.9
4.5,35.19643,0.9
6.06562,33.75,0.9
6.75,32.97781,0.9
8.23782,31.5,0.9
9.0,30.44223,0.9
10.04644,29.25,0.9
11.25,27.30273,0.9
11.55273,27.0,0.9
12.84933,24.75,0.9
13.5,23.41781,0.9
14.20386,22.5,0.9
14.35183,20.25,0.9
14.82453,18.0,0.9
15.75,15.85132,0.9
15.84884,15.75,0.9
17.28434,13.5,0.9
18.0,12.86615,0.9
19.84976,11.25,0.9
20.25,10.90693,0.9
22.5,9.00135,0.9
22.50161,9.0,0.9
24.75,7.1538,0.9
25.24614,6.75,0.9
27.0,5.35709,0.9
28.08658,4.5,0.9
29.25,3.6078,0.9
31.0285,2.25,0.9
31.5,1.90172,0.9
33.75,0.24215,0.9
34.07869,0.0,0.9
0.62147,72.0,0.9
0.0,70.81064,0.9
0.62147,72.0,0.9
1.29729,74.25,0.9
0.62147,72.0,0.9
0.0,70.81064,0.9
1.29729,74.25,0.9
2.17473,76.5,0.9
1.29729,74.25,0.9
0.62147,72.0,0.9
0.0,70.81064,0.9
3.16952,78.75,0.9
2.25,76.6884,0.9
2.17473,76.5,0.9
1.29729,74.25,0.9
0.62147,72.0,0.9
0.0,70.81064,0.9
3.58363,81.0,0.9
3.16952,78.75,0.9
2.25,76.6884,0.9
2.17473,76.5,0.9
1.29729,74.25,0.9
0.62147,72.0,0.9
0.0,70.81064,0.9
3.80413,83.25,0.9
3.58363,81.0,0.9
3.16952,78.75,0.9
2.25,76.6884,0.9
2.17473,76.5,0.9
1.29729,74.25,0.9
0.62147,72.0,0.9
0.0,70.81064,0.9
3.94168,85.5,0.9
3.80413,83.25,0.9
3.58363,81.0,0.9
3.16952,78.75,0.9
2.25,76.6884,0.9
2.17473,76.5,0.9
1.29729,74.25,0.9
0.62147,72.0,0.9
0.0,70.81064,0.9
58.69954,0.0,0.92
58.5,0.18473,0.92
56.25503,2.25,0.92
56.25,2.25442,0.92
54.0,4.24119,0.92
53.70217,4.5,0.92
51.75,6.14886,0.92
51.03143,6.75,0.92
49.5,7.99565,0.92
48.25589,9.0,0.92
47.25,9.79612,0.92
45.39312,11.25,0.92
45.0,11.55824,0.92
42.75,13.29769,0.92
42.48896,13.5,0.92
40.5,15.06628,0.92
39.61162,15.75,0.92
38.25,16.87682,0.92
36.82077,18.0,0.92
36.0,18.76974,0.92
34.26606,20.25,0.92
33.75,20.86837,0.92
32.20046,22.5,0.92
31.5,23.81363,0.92
30.92743,24.75,0.92
30.9218,27.0,0.92
31.5,27.79343,0.92
33.57146,29.25,0.92
33.75,29.31884,0.92
36.0,29.80897,0.92
38.25,30.01833,0.92
40.5,30.08984,0.92
42.75,30.15258,0.92
45.0,30.37477,0.92
47.25,31.05254,0.92
47.93159,31.5,0.92
49.26059,33.75,0.92
48.86973,36.0,0.92
47.60684,38.25,0.92
47.25,38.70696,0.92
45.85908,40.5,0.92
45.0,41.71862,0.92
44.21609,42.75,0.92
42.75,44.95618,0.92
42.70904,45.0,0.92
41.34683,47.25,0.92
40.5,48.6944,0.92
40.02106,49.5,0.92
0.0,39.78864,0.92
1.53864,38.25,0.92
2.25,37.58547,0.92
3.83547,36.0,0.92
4.5,35.35714,0.92
6.23958,33.75,0.92
6.75,33.17409,0.92
8.43543,31.5,0.92
9.0,30.71647,0.92
10.28716,29.25,0.92
11.25,27.69218,0.92
11.94218,27.0,0.92
13.04689,24.75,0.92
13.5,23.82231,0.92
14.51406,22.5,0.92
14.69009,20.25,0.92
15.07214,18.0,0.92
15.75,16.42619,0.92
16.40961,15.75,0.92
18.0,13.50366,0.92
18.00358,13.5,0.92
20.25,11.55303,0.92
20.58003,11.25,0.92
22.5,9.62203,0.92
23.24145,9.0,0.92
24.75,7.7613,0.92
25.99255,6.75,0.92
27.0,5.94989,0.92
28.83809,4.5,0.92
29.25,4.18412,0.92
31.5,2.50052,0.92
31.78345,2.25,0.92
33.75,0.79917,0.92
34.83481,0.0,0.92
0.94718,72.0,0.92
0.0,70.18731,0.92
0.94718,72.0,0.92
1.53245,74.25,0.92
0.94718,72.0,0.92
0.0,70.18731,0.92
1.53245,74.25,0.92
2.57865,76.5,0.92
2.25,76.08788,0.92
1.53245,74.25,0.92
0.94718,72.0,0.92
0.0,70.18731,0.92
3.43561,78.75,0.92
2.57865,76.5,0.92
2.25,76.08788,0.92
1.53245,74.25,0.92
0.94718,72.0,0.92
0.0,70.18731,0.92
3.7669,81.0,0.92
3.43561,78.75,0.92
2.57865,76.5,0.92
2.25,76.08788,0.92
1.53245,74.25,0.92
0.94718,72.0,0.92
0.0,70.18731,0.92
3.94331,83.25,0.92
3.7669,81.0,0.92
3.43561,78.75,0.92
2.57865,76.5,0.92
2.25,76.08788,0.92
1.53245,74.25,0.92
0.94718,72.0,0.92
0.0,70.18731,0.92
4.05335,85.5,0.92
3.94331,83.25,0.92
3.7669,81.0,0.92
3.43561,78.75,0.92
2.57865,76.5,0.92
2.25,76.08788,0.92
1.53245,74.25,0.92
0.94718,72.0,0.92
0.0,70.18731,0.92
58.00567,0.0,0.94
56.25,1.62872,0.94
55.56121,2.25,0.94
54.0,3.62879,0.94
52.99745,4.5,0.94
51.75,5.55363,0.94
50.31992,6.75,0.94
49.5,7.41692,0.94
47.53901,9.0,0.94
47.25,9.22874,0.94
45.0,10.95228,0.94
44.69065,11.25,0.94
42.75,12.76859,0.94
41.80623,13.5,0.94
40.5,14.52864,0.94
38.91304,15.75,0.94
38.25,16.29871,0.94
36.08514,18.0,0.94
36.0,18.07985,0.94
33.75,20.00808,0.94
33.4921,20.25,0.94
31.5,22.32303,0.94
31.3107,22.5,0.94
29.87285,24.75,0.94
29.47933,27.0,0.94
30.96582,29.25,0.94
31.5,29.58232,0.94
33.75,30.40414,0.94
36.0,30.79392,0.94
38.25,30.95425,0.94
40.5,31.02178,0.94
42.75,31.12828,0.94
45.0,31.45584,0.94
45.13268,31.5,0.94
47.25,32.55109,0.94
48.10739,33.75,0.94
48.09186,36.0,0.94
47.25,38.19609,0.94
47.22922,38.25,0.94
45.49493,40.5,0.94
45.0,41.20207,0.94
43.82348,42.75,0.94
42.75,44.36537,0.94
42.15678,45.0,0.94
40.90491,47.25,0.94
40.5,47.94063,0.94
39.57293,49.5,0.94
0.0,39.96648,0.94
1.71648,38.25,0.94
2.25,37.7516,0.94
4.0016,36.0,0.94
4.5,35.51786,0.94
6.41354,33.75,0.94
6.75,33.37037,0.94
8.63303,31.5,0.94
9.0,30.99072,0.94
10.52787,29.25,0.94
11.25,28.08164,0.94
12.33164,27.0,0.94
13.24446,24.75,0.94
13.5,24.2268,0.94
14.82426,22.5,0.94
15.02836,20.25,0.94
15.31974,18.0,0.94
15.75,17.00106,0.94
16.97038,15.75,0.94
18.0,14.29572,0.94
18.77907,13.5,0.94
20.25,12.22514,0.94
21.31204,11.25,0.94
22.5,10.24272,0.94
23.98129,9.0,0.94
24.75,8.3688,0.94
26.73896,6.75,0.94
27.0,6.54268,0.94
29.25,4.897,0.94
29.66532,4.5,0.94
31.5,3.16784,0.94
32.53848,2.25,0.94
33.75,1.3562,0.94
35.59092,0.0,0.94
0.20357,69.75,0.94
0.0,69.54643,0.94
0.20357,69.75,0.94
1.27288,72.0,0.94
0.20357,69.75,0.94
0.0,69.54643,0.94
1.27288,72.0,0.94
1.76761,74.25,0.94
1.27288,72.0,0.94
0.20357,69.75,0.94
0.0,69.54643,0.94
3.05899,76.5,0.94
2.25,75.48555,0.94
1.76761,74.25,0.94
1.27288,72.0,0.94
0.20357,69.75,0.94
0.0,69.54643,0.94
3.70171,78.75,0.94
3.05899,76.5,0.94
2.25,75.48555,0.94
1.76761,74.25,0.94
1.27288,72.0,0.94
0.20357,69.75,0.94
0.0,69.54643,0.94
3.95018,81.0,0.94
3.70171,78.75,0.94
3.05899,76.5,0.94
2.25,75.48555,0.94
1.76761,74.25,0.94
1.27288,72.0,0.94
0.20357,69.75,0.94
0.0,69.54643,0.94
4.08248,83.25,0.94
3.95018,81.0,0.94
3.70171,78.75,0.94
3.05899,76.5,0.94
2.25,75.48555,0.94
1.76761,74.25,0.94
1.27288,72.0,0.94
0.20357,69.75,0.94
0.0,69.54643,0.94
4.16501,85.5,0.94
4.08248,83.25,0.94
3.95018,81.0,0.94
3.70171,78.75,0.94
3.05899,76.5,0.94
2.25,75.48555,0.94
1.76761,74.25,0.94
1.27288,72.0,0.94
0.20357,69.75,0.94
0.0,69.54643,0.94
57.33146,0.0,0.96
56.25,1.00327,0.96
54.86779,2.25,0.96
54.0,3.01639,0.96
52.29272,4.5,0.96
51.75,4.9584,0.96
49.60841,6.75,0.96
49.5,6.83818,0.96
47.25,8.48287,0.96
46.73287,9.0,0.96
45.0,10.30152,0.96
44.01449,11.25,0.96
42.75,12.23948,0.96
41.1235,13.5,0.96
40.5,13.991,0.96
38.25,15.6942,0.96
38.1942,15.75,0.96
36.0,17.31019,0.96
35.31019,18.0,0.96
33.75,19.33872,0.96
32.77852,20.25,0.96
31.5,21.58046,0.96
30.5164,22.5,0.96
29.25,24.2903,0.96
28.8677,24.75,0.96
28.2469,27.0,0.96
29.0097,29.25,0.96
29.25,29.48552,0.96
31.5,30.84045,0.96
33.75,31.48945,0.96
33.82472,31.5,0.96
36.0,31.77901,0.96
38.25,31.89077,0.96
40.5,31.97679,0.96
42.75,32.16394,0.96
45.0,32.70284,0.96
46.72126,33.75,0.96
47.25,35.45359,0.96
47.314,36.0,0.96
47.25,36.16694,0.96
46.44705,38.25,0.96
45.13078,40.5,0.96
45.0,40.68551,0.96
43.43086,42.75,0.96
42.75,43.77456,0.96
41.60452,45.0,0.96
40.5,47.15956,0.96
40.40956,47.25,0.96
39.12481,49.5,0.96
38.25,51.01294,0.96
37.52489,51.75,0.96
0.0,40.14432,0.96
1.89432,38.25,0.96
2.25,37.91773,0.96
4.16773,36.0,0.96
4.5,35.67857,0.96
6.5875,33.75,0.96
6.75,33.56664,0.96
8.83064,31.5,0.96
9.0,31.26496,0.96
10.76858,29.25,0.96
11.25,28.47109,0.96
12.72109,27.0,0.96
13.44202,24.75,0.96
13.5,24.63129,0.96
15.13447,22.5,0.96
15.36662,20.25,0.96
15.56734,18.0,0.96
15.75,17.57592,0.96
17.53116,15.75,0.96
18.0,15.08778,0.96
19.55456,13.5,0.96
20.25,12.89726,0.96
22.04406,11.25,0.96
22.5,10.8634,0.96
24.72114,9.0,0.96
24.75,8.9763,0.96
27.0,7.54206,0.96
27.83154,6.75,0.96
29.25,5.77551,0.96
30.58437,4.5,0.96
31.5,3.83516,0.96
33.29352,2.25,0.96
33.75,1.91323,0.96
36.0,0.67531,0.96
36.78084,0.0,0.96
0.88571,69.75,0.96
0.0,68.86429,0.96
0.88571,69.75,0.96
1.59859,72.0,0.96
0.88571,69.75,0.96
0.0,68.86429,0.96
1.59859,72.0,0.96
2.00278,74.25,0.96
1.59859,72.0,0.96
0.88571,69.75,0.96
0.0,68.86429,0.96
3.53933,76.5,0.96
2.25,74.88322,0.96
2.00278,74.25,0.96
1.59859,72.0,0.96
0.88571,69.75,0.96
0.0,68.86429,0.96
3.96781,78.75,0.96
3.53933,76.5,0.96
2.25,74.88322,0.96
2.00278,74.25,0.96
1.59859,72.0,0.96
0.88571,69.75,0.96
0.0,68.86429,0.96
4.13345,81.0,0.96
3.96781,78.75,0.96
3.53933,76.5,0.96
2.25,74.88322,0.96
2.00278,74.25,0.96
1.59859,72.0,0.96
0.88571,69.75,0.96
0.0,68.86429,0.96
4.22165,83.25,0.96
4.13345,81.0,0.96
3.96781,78.75,0.96
3.53933,76.5,0.96
2.25,74.88322,0.96
2.00278,74.25,0.96
1.59859,72.0,0.96
0.88571,69.75,0.96
0.0,68.86429,0.96
4.27667,85.5,0.96
4.22165,83.25,0.96
4.13345,81.0,0.96
3.96781,78.75,0.96
3.53933,76.5,0.96
2.25,74.88322,0.96
2.00278,74.25,0.96
1.59859,72.0,0.96
0.88571,69.75,0.96
0.0,68.86429,0.96
56.65726,0.0,0.98
56.25,0.37781,0.98
54.17437,2.25,0.98
54.0,2.40399,0.98
51.75,4.07944,0.98
51.32944,4.5,0.98
49.5,5.71778,0.98
48.46778,6.75,0.98
47.25,7.61643,0.98
45.86643,9.0,0.98
45.0,9.65076,0.98
43.33833,11.25,0.98
42.75,11.71037,0.98
40.5,13.32039,0.98
40.32039,13.5,0.98
38.25,14.5971,0.98
37.0971,15.75,0.98
36.0,16.5301,0.98
34.5301,18.0,0.98
33.75,18.66936,0.98
32.06493,20.25,0.98
31.5,20.83789,0.98
29.7221,22.5,0.98
29.25,23.1674,0.98
27.93385,24.75,0.98
27.05416,27.0,0.98
27.42446,29.25,0.98
29.25,31.03926,0.98
30.11391,31.5,0.98
31.5,32.22538,0.98
33.75,32.6195,0.98
36.0,32.76451,0.98
38.25,32.82815,0.98
40.5,32.9561,0.98
42.75,33.2365,0.98
44.42335,33.75,0.98
45.0,34.06864,0.98
46.17326,36.0,0.98
45.66488,38.25,0.98
45.0,39.53283,0.98
44.12122,40.5,0.98
43.03824,42.75,0.98
42.75,43.18375,0.98
41.05226,45.0,0.98
40.5,46.07978,0.98
39.32978,47.25,0.98
38.67669,49.5,0.98
38.25,50.23793,0.98
36.76245,51.75,0.98
0.0,40.32216,0.98
2.07216,38.25,0.98
2.25,38.08387,0.98
4.33387,36.0,0.98
4.5,35.83929,0.98
6.75,33.88899,0.98
6.88899,33.75,0.98
9.0,31.78142,0.98
9.28142,31.5,0.98
11.00929,29.25,0.98
11.25,28.86055,0.98
13.11055,27.0,0.98
13.5,25.68154,0.98
14.43154,24.75,0.98
15.44467,22.5,0.98
15.70488,20.25,0.98
15.75,19.49154,0.98
16.8944,18.0,0.98
18.0,16.63379,0.98
18.82033,15.75,0.98
20.25,14.09717,0.98
20.84529,13.5,0.98
22.5,12.52782,0.98
23.83838,11.25,0.98
24.75,10.77542,0.98
26.61732,9.0,0.98
27.0,8.76011,0.98
29.1103,6.75,0.98
29.25,6.65402,0.98
31.5,4.51945,0.98
31.53191,4.5,0.98
33.75,3.60959,0.98
35.66061,2.25,0.98
36.0,2.14665,0.98
38.25,0.62841,0.98
39.63395,0.0,0.98
1.56786,69.75,0.98
0.0,68.18214,0.98
1.56786,69.75,0.98
1.92429,72.0,0.98
1.56786,69.75,0.98
0.0,68.18214,0.98
1.92429,72.0,0.98
2.23794,74.25,0.98
1.92429,72.0,0.98
1.56786,69.75,0.98
0.0,68.18214,0.98
4.01966,76.5,0.98
2.25,74.28089,0.98
2.23794,74.25,0.98
1.92429,72.0,0.98
1.56786,69.75,0.98
0.0,68.18214,0.98
4.2339,78.75,0.98
4.01966,76.5,0.98
2.25,74.28089,0.98
2.23794,74.25,0.98
1.92429,72.0,0.98
1.56786,69.75,0.98
0.0,68.18214,0.98
4.31673,81.0,0.98
4.2339,78.75,0.98
4.01966,76.5,0.98
2.25,74.28089,0.98
2.23794,74.25,0.98
1.92429,72.0,0.98
1.56786,69.75,0.98
0.0,68.18214,0.98
4.36083,83.25,0.98
4.31673,81.0,0.98
4.2339,78.75,0.98
4.01966,76.5,0.98
2.25,74.28089,0.98
2.23794,74.25,0.98
1.92429,72.0,0.98
1.56786,69.75,0.98
0.0,68.18214,0.98
4.38834,85.5,0.98
4.36083,83.25,0.98
4.31673,81.0,0.98
4.2339,78.75,0.98
4.01966,76.5,0.98
2.25,74.28089,0.98
2.23794,74.25,0.98
1.92429,72.0,0.98
1.56786,69.75,0.98
0.0,68.18214,0.98
